length,mean,std,cv,min,max,range,skewness,kurtosis,has_trend,trend_strength,trend_slope,has_seasonality,seasonal_period,seasonal_strength,is_stationary,adf_pvalue,autocorr_lag1,pacf_lag1,entropy,complexity_score,volatility,diff_needed,missing_pct,outlier_pct,mean_abs_change,std_1st_diff,zero_crossing_rate,best_algorithm,scenario,best_algorithm_label
0,162.5720077985153,36.74360126122043,0,89.24165316692604,234.94146563927788,0,-0.03569379512722346,-1.1130324194371164,1,0.9949076738772171,0.4928784283389485,0,0,0,0,1.0,0,0,0,4,0,0,0,0,4.513363113289085,5.511814209092402,0.027777777777777776,Exponential Smoothing,trend_up,1
0,146.87426545112646,28.514880667053628,0,96.3643839349794,204.15648345578302,0,0.02820945231871325,-1.0514225313406906,1,0.9898772049955203,0.5056196791280708,0,0,0,0,1.0,0,0,0,4,0,0,0,0,4.4189432208884485,5.462285976365845,0.047872340425531915,Exponential Smoothing,trend_up,1
0,155.86134072442624,33.27993564292534,0,96.71725560371324,220.93599484846897,0,0.028419682195869874,-1.1004714791977876,1,0.9922323261709743,0.5036336215054864,0,0,0,0,1.0,0,0,0,4,0,0,0,0,4.406780688965009,5.460128785691357,0.04035874439461883,Exponential Smoothing,trend_up,1
0,158.19972293723043,34.597305627485234,0,92.27226113124904,226.17101371823253,0,0.009923423776069888,-1.1428024816032554,1,0.9947288153982751,0.500627449175872,0,0,0,0,1.0,0,0,0,4,0,0,0,0,4.371334719365855,5.273899917569354,0.03862660944206009,Exponential Smoothing,trend_up,1
0,157.520640018004,34.39169684205457,0,92.19362155410491,224.84972947760045,0,0.018313104496770042,-1.1124535237071633,1,0.9926439064959423,0.5025664415209877,0,0,0,0,1.0,0,0,0,4,0,0,0,0,4.356548150020157,5.401850727832621,0.047619047619047616,SARIMA,trend_up,2
0,146.29382644714443,27.708712235555428,0,94.57003709441464,204.0632995240755,0,0.07995483488589145,-0.9932192837715244,1,0.9893044332482611,0.4923688989594982,0,0,0,0,1.0,0,0,0,4,0,0,0,0,4.495607491176221,5.44666206813683,0.03763440860215054,Exponential Smoothing,trend_up,1
0,138.52259012049424,23.452807101849096,0,93.7405202978828,186.45030288158506,0,0.003146851316685475,-1.0093821229678424,1,0.9827492479619399,0.5004185403485603,0,0,0,0,1.0,0,0,0,4,0,0,0,0,4.6959520087645785,5.748670300220498,0.058823529411764705,Exponential Smoothing,trend_up,1
0,134.58701070383356,21.484644068567576,0,91.87964287814862,179.21741224413756,0,0.05456914705871078,-0.8898353517638933,1,0.9815521081174494,0.5014203712272107,0,0,0,0,1.0,0,0,0,4,0,0,0,0,4.422334794127724,5.403852206099986,0.050359712230215826,Exponential Smoothing,trend_up,1
0,129.23858389653256,18.36080062034928,0,93.25701671734679,165.46810758600412,0,-0.01830084688877886,-0.8805556526019327,1,0.9774173314018868,0.489974697574536,0,0,0,0,1.0,0,0,0,4,0,0,0,0,4.361906182958436,5.346554966335653,0.07692307692307693,Exponential Smoothing,trend_up,1
0,146.61502447142533,28.142266446202523,0,93.5322640763964,204.0312186307549,0,0.025640250496243862,-1.0117816300471965,1,0.9888081215145349,0.4984665966419093,0,0,0,0,1.0,0,0,0,4,0,0,0,0,4.767124015935365,5.875859677770742,0.08021390374331551,Exponential Smoothing,trend_up,1
0,126.53068075959824,16.53343430524424,0,93.5071874706122,160.00729038585666,0,0.05075810646561382,-0.7950623916378898,1,0.9649947451873494,0.4916875634291185,0,0,0,0,1.0,0,0,0,4,0,0,0,0,4.408002909399678,5.533482600401574,0.08737864077669903,Exponential Smoothing,trend_up,1
0,142.91374707850014,26.307108139239045,0,93.68991940275714,198.0316926784414,0,0.05272746140813671,-1.0512383675996582,1,0.9878622624598521,0.506926856573674,0,0,0,0,1.0,0,0,0,4,0,0,0,0,4.7204491383066225,5.704088413338059,0.04093567251461988,Exponential Smoothing,trend_up,1
0,148.70396982026557,29.413367546878646,0,90.75733869545216,209.36403015030817,0,0.026776931564735453,-1.0473886270437103,1,0.9899119503626128,0.497188468305352,0,0,0,0,1.0,0,0,0,4,0,0,0,0,4.8438704468880935,5.948597279637615,0.05612244897959184,Exponential Smoothing,trend_up,1
0,138.33132994892077,23.596199208999323,0,92.14762182215577,187.4513073765265,0,0.032902765956882116,-0.9831947772299401,1,0.9840562570553915,0.4932054690304071,0,0,0,0,1.0,0,0,0,4,0,0,0,0,4.595476768560037,5.806860076378414,0.04516129032258064,Exponential Smoothing,trend_up,1
0,146.0225044382296,27.139783391955508,0,93.20585832298057,200.62482520820322,0,0.06290166665787338,-1.0661892329827187,1,0.9875939596875745,0.4909398676271485,0,0,0,0,1.0,0,0,0,4,0,0,0,0,4.655757284707112,5.833083390610175,0.03825136612021858,SARIMA,trend_up,2
0,173.68383004253073,43.30997793313979,0,94.1541853258416,257.55423389211603,0,0.022572944188641517,-1.14548990258224,1,0.9956253068173485,0.49817491723896373,0,0,0,0,1.0,0,0,0,4,0,0,0,0,4.545847401936735,5.527656694046509,0.030405405405405407,Exponential Smoothing,trend_up,1
0,148.06611946436755,28.555641685753912,0,94.72227954977875,202.78458960949604,0,0.013302092449231261,-1.0912401476775022,1,0.992427951184266,0.49366931958756727,0,0,0,0,1.0,0,0,0,4,0,0,0,0,4.02052961762523,5.090627513516957,0.03626943005181347,Exponential Smoothing,trend_up,1
0,137.9027167442238,22.947364494155174,0,90.83417936400576,183.60167254971043,0,0.03665090680140724,-0.9324846563893692,1,0.9841342041700002,0.4916216655570577,0,0,0,0,1.0,0,0,0,4,0,0,0,0,4.651260381150066,5.743945537860519,0.07236842105263158,SARIMA,trend_up,2
0,131.07672748567003,19.994563741109324,0,88.78801389655779,172.06306825724783,0,0.07460558287122576,-0.9291141114517414,1,0.9740692286066422,0.503785814564176,0,0,0,0,1.0,0,0,0,4,0,0,0,0,5.079423962051205,6.255347842987642,0.056,Exponential Smoothing,trend_up,1
0,169.01658502354607,40.25104460799125,0,97.56429562437025,244.24768983047363,0,0.0018973515437575687,-1.1756567105724116,1,0.9944557451651045,0.49564225865137973,0,0,0,0,1.0,0,0,0,4,0,0,0,0,4.503240945507499,5.489152214412552,0.03260869565217391,SARIMA,trend_up,2
0,154.53019098851416,32.516510021688944,0,92.59597012010963,215.3807290898298,0,0.019629394709124677,-1.1132415401968483,1,0.9927118605947401,0.4987725872993825,0,0,0,0,1.0,0,0,0,4,0,0,0,0,4.644166236624724,5.6274742407009155,0.0319634703196347,Exponential Smoothing,trend_up,1
0,138.61652327858013,23.22382990811161,0,90.7680818833212,187.4371206309209,0,0.045281594211537476,-1.0297930388304213,1,0.9869866414306668,0.4887406347657081,0,0,0,0,1.0,0,0,0,4,0,0,0,0,4.5856820769890385,5.593675023506972,0.04516129032258064,SARIMA,trend_up,2
0,162.50065016133834,36.903343682279846,0,92.86546504631576,235.16348439799324,0,-0.003139696215869157,-1.127194375655132,1,0.9928236983550539,0.4986776582957981,0,0,0,0,1.0,0,0,0,4,0,0,0,0,4.847006909148877,5.908942291287625,0.036,STL + ETS (Hybrid),trend_up,3
0,170.47403845944314,41.5214320027743,0,88.18661625989296,249.2864082708697,0,0.02626871925004292,-1.0895300718526748,1,0.9957314992908274,0.4981660944876445,0,0,0,0,1.0,0,0,0,4,0,0,0,0,4.526797052037514,5.473609165655346,0.038869257950530034,SARIMA,trend_up,2
0,167.7670071939644,39.89899468555064,0,94.97947626862128,243.79958809291998,0,0.005593118405024604,-1.144218372502331,1,0.9952331049212206,0.4984130710763841,0,0,0,0,1.0,0,0,0,4,0,0,0,0,4.43717230929499,5.574844050807553,0.04044117647058824,Exponential Smoothing,trend_up,1
0,131.38050113713555,19.49964142890394,0,92.58212109980111,173.70075491471943,0,0.09674132795531883,-0.787345419709558,1,0.9751530272744133,0.4887728158065564,0,0,0,0,1.0,0,0,0,4,0,0,0,0,4.513750004530693,5.684797606111681,0.072,Exponential Smoothing,trend_up,1
0,137.9024740798882,23.175880993667217,0,95.14450371074399,182.83615403031433,0,0.06399486180927025,-1.0124417996749417,1,0.9854991099783866,0.4970307542260991,0,0,0,0,1.0,0,0,0,4,0,0,0,0,4.413373470814304,5.563804487278406,0.07236842105263158,STL + ETS (Hybrid),trend_up,3
0,141.04244159661567,25.446840154476515,0,94.2739151411654,196.16763096692566,0,0.08516467873702593,-1.0191149694565618,1,0.9834173237863904,0.5042605723388479,0,0,0,0,1.0,0,0,0,4,0,0,0,0,4.903402279754373,6.049573319332293,0.06666666666666667,SARIMA,trend_up,2
0,163.98060475027103,38.11062566444141,0,93.3237299694574,236.91356451784128,0,0.013689676038754437,-1.1158586778807627,1,0.9937542529305651,0.5005813666542283,0,0,0,0,1.0,0,0,0,4,0,0,0,0,4.598838865488529,5.639399427084927,0.03488372093023256,Exponential Smoothing,trend_up,1
0,138.21911450190393,23.23734053408531,0,92.28946317638517,188.17023239730577,0,0.06114301589623731,-0.9596770463857758,1,0.9858547303459966,0.49724492058607295,0,0,0,0,1.0,0,0,0,4,0,0,0,0,4.428572302049129,5.412859218922731,0.0718954248366013,Exponential Smoothing,trend_up,1
0,176.02623886643843,15.315700240036593,0,146.1165853241771,209.64367592099074,0,0.11364933586003315,-0.8262449810794936,1,0.9853333332415575,-0.30016462055334825,0,0,0,0,1.0,0,0,0,4,0,0,0,0,3.131854401870127,3.7883253674113324,0.06707317073170732,SARIMA,trend_down,2
0,156.8441563549584,25.969668166105883,0,105.63875069248074,206.92784291100855,0,-0.018738937897744622,-1.0743696034598595,1,0.9942317812001417,-0.30283159686567024,0,0,0,0,1.0,0,0,0,4,0,0,0,0,3.364252207057366,4.13130578033095,0.04513888888888889,Exponential Smoothing,trend_down,1
0,178.36093122005892,14.09962167726044,0,149.09774910892756,207.48366062956856,0,-0.0002330371748215479,-0.7945200749046921,1,0.9840422763263924,-0.30227156191212934,0,0,0,0,1.0,0,0,0,4,0,0,0,0,3.189158667703481,3.8304940292707728,0.06164383561643835,Exponential Smoothing,trend_down,1
0,166.88610468011507,20.08806342099357,0,128.94783173856158,207.40626863190312,0,0.058846228500615244,-1.0302690664775218,1,0.9900450221201803,-0.2999770971079312,0,0,0,0,1.0,0,0,0,4,0,0,0,0,3.3435091905662078,3.9995226016148284,0.058823529411764705,Exponential Smoothing,trend_down,1
0,180.21903614770872,13.505037180853213,0,150.12750773999556,206.56348327941416,0,-0.03617746803246729,-0.775780695169499,1,0.9811546640731418,-0.3109950044327521,0,0,0,0,1.0,0,0,0,4,0,0,0,0,3.2457012972211645,3.915640291543196,0.08208955223880597,Exponential Smoothing,trend_down,1
0,163.8452677616517,21.858725545179805,0,119.33980997280142,208.69884230305814,0,-0.007803621752652253,-0.9966659421113961,1,0.9931386533116068,-0.3006447308123046,0,0,0,0,1.0,0,0,0,4,0,0,0,0,3.193852409797217,3.932819099864147,0.028925619834710745,Exponential Smoothing,trend_down,1
0,175.6023254269047,15.515904409921196,0,144.41520099764108,209.4643431467458,0,0.07606449447971633,-0.9195919399565917,1,0.9851474371552715,-0.3020609578233883,0,0,0,0,1.0,0,0,0,4,0,0,0,0,3.343975138956013,3.969797305329692,0.054878048780487805,Exponential Smoothing,trend_down,1
0,165.58149741075877,21.061776936133793,0,121.17812197668992,208.91149866967717,0,0.014419244453186215,-0.9634262669212021,1,0.9912372301023934,-0.30450779479440754,0,0,0,0,1.0,0,0,0,4,0,0,0,0,3.3838808811777747,4.125857059928475,0.039301310043668124,Exponential Smoothing,trend_down,1
0,177.79170781495043,14.569640787827511,0,146.00176809325535,209.7640197484867,0,0.08662687843159941,-0.8139824749511093,1,0.9805633102295416,-0.30515775083816754,0,0,0,0,1.0,0,0,0,4,0,0,0,0,3.344660123869001,4.163267567652479,0.0738255033557047,Exponential Smoothing,trend_down,1
0,160.30882903432007,24.201167727797237,0,112.14330887006273,207.79955644686117,0,-0.005013620203584989,-1.051496987263092,1,0.992971775736863,-0.30472292257218425,0,0,0,0,1.0,0,0,0,4,0,0,0,0,3.3845304436059465,4.132629241946802,0.041353383458646614,SARIMA,trend_down,2
0,179.83908685185614,13.468477785648147,0,151.24757482882586,209.16299599869788,0,0.008632561561884715,-0.7653846733345206,1,0.979022263069087,-0.30687439629263463,0,0,0,0,1.0,0,0,0,4,0,0,0,0,3.357466707623928,4.0057973661022395,0.06666666666666667,SARIMA,trend_down,2
0,176.79315787958257,14.937494446679821,0,147.12810870486186,208.55770704844124,0,0.021741425837336723,-0.8344882703879435,1,0.979418541010605,-0.30071053456109925,0,0,0,0,1.0,0,0,0,4,0,0,0,0,3.448310600472454,4.197875027059699,0.09554140127388536,Exponential Smoothing,trend_down,1
0,169.79124797894676,18.85094712532834,0,131.32042886410682,207.42809445606335,0,-0.014938798266140009,-1.006937222538535,1,0.9900812629978316,-0.30591803143585444,0,0,0,0,1.0,0,0,0,4,0,0,0,0,3.242107536001474,3.917254789085509,0.054187192118226604,SARIMA,trend_down,2
0,169.20060412629422,19.09785071000148,0,129.64460367774632,208.02851245148685,0,-0.007762322779232359,-0.9635369332196699,1,0.9893458661560369,-0.3032385677869549,0,0,0,0,1.0,0,0,0,4,0,0,0,0,3.3005319837442313,4.035972377003047,0.06280193236714976,Exponential Smoothing,trend_down,1
0,159.88992588243843,24.368816060742315,0,111.53011149367528,208.46239515557806,0,0.0012313413817694086,-1.0601921332378481,1,0.9935213348964749,-0.302949160948287,0,0,0,0,1.0,0,0,0,4,0,0,0,0,3.3898910193216025,4.161098159572558,0.040892193308550186,Exponential Smoothing,trend_down,1
0,163.59407953364277,22.09945712732248,0,120.15260191301766,209.39639633629483,0,0.04664229061793323,-0.9701830570872403,1,0.990913069453249,-0.30046158658529437,0,0,0,0,1.0,0,0,0,4,0,0,0,0,3.4532972854753523,4.315256435710276,0.045081967213114756,SARIMA,trend_down,2
0,180.98807288170283,12.94663668743473,0,152.5667001474337,209.98535119585443,0,0.030932894569015806,-0.733689228787163,1,0.9750814682153561,-0.3047439162706941,0,0,0,0,1.0,0,0,0,4,0,0,0,0,3.449478667902797,4.197463491716213,0.08461538461538462,Exponential Smoothing,trend_down,1
0,162.7340274871023,22.730684312660255,0,113.74575493822665,207.8489719186107,0,0.018151747935047823,-1.0322516084027435,1,0.9920785600182946,-0.3033381520447811,0,0,0,0,1.0,0,0,0,4,0,0,0,0,3.2214586929193683,3.961595294466887,0.028,Exponential Smoothing,trend_down,1
0,180.91324144903186,12.806159479698275,0,153.92138636155894,204.68132808862913,0,-0.08400413846464129,-0.8979551311216727,1,0.9810596813678825,-0.3018469684112831,0,0,0,0,1.0,0,0,0,4,0,0,0,0,3.109014450987739,3.71329724142438,0.08461538461538462,Exponential Smoothing,trend_down,1
0,160.45044873949635,23.874207088713252,0,111.35499600515193,206.98978238837827,0,-0.03053182119972275,-1.026390876007459,1,0.9932353785887612,-0.302751668878406,0,0,0,0,1.0,0,0,0,4,0,0,0,0,3.324163127427945,4.00409823240803,0.03409090909090909,SARIMA,trend_down,2
0,156.3647041043796,26.23761802581875,0,103.92814246652917,207.8950931357055,0,0.0034702202575775344,-1.0806083681880012,1,0.9938240650440991,-0.30106297324822656,0,0,0,0,1.0,0,0,0,4,0,0,0,0,3.458330645917345,4.22760419042992,0.05802047781569966,Exponential Smoothing,trend_down,1
0,161.4901596625471,23.036027243529464,0,116.96572651318529,208.048610948763,0,0.011400805369894369,-1.0846069679463577,1,0.9922520417876004,-0.2977508472233595,0,0,0,0,1.0,0,0,0,4,0,0,0,0,3.3541998709388987,4.218852660832692,0.050387596899224806,SARIMA,trend_down,2
0,183.54964768277236,11.348291872818457,0,160.5432586343138,207.1072080192729,0,0.032937899566152604,-0.6499717418695061,1,0.9677857931050182,-0.29505742001833435,0,0,0,0,1.0,0,0,0,4,0,0,0,0,3.1814331358894075,3.833324907569102,0.11504424778761062,Exponential Smoothing,trend_down,1
0,156.4619217184905,25.912300880365475,0,106.9370116694612,211.3213674083891,0,0.012757816316360087,-1.0715367680824446,1,0.9953201522353466,-0.2987518631638909,0,0,0,0,1.0,0,0,0,4,0,0,0,0,3.275109145742225,3.9309986958822254,0.03767123287671233,Exponential Smoothing,trend_down,1
0,171.53020053031943,17.609708081034032,0,135.5796228234792,207.91171094358842,0,0.03534725760521097,-0.9395958266436537,1,0.987582875706619,-0.3005561709081099,0,0,0,0,1.0,0,0,0,4,0,0,0,0,3.41109262483424,4.124280059184428,0.06842105263157895,Exponential Smoothing,trend_down,1
0,177.40670098460765,14.88882693998918,0,145.76903441340158,211.3720566548907,0,0.021372097054300685,-0.8180785387086553,1,0.9794931836060612,-0.3049830622192514,0,0,0,0,1.0,0,0,0,4,0,0,0,0,3.6022772108554064,4.390635059319129,0.08441558441558442,Exponential Smoothing,trend_down,1
0,163.0748460604453,22.651565321832898,0,117.37248244044086,206.75279820236221,0,0.005556019434978808,-1.0530001889588154,1,0.992555398194273,-0.30292024078208585,0,0,0,0,1.0,0,0,0,4,0,0,0,0,3.234721690151411,4.030549996914459,0.05220883534136546,SARIMA,trend_down,2
0,174.35209435321218,16.31707197546638,0,142.28831014643094,211.6630565800647,0,0.07902572796049652,-0.8932384546248753,1,0.9845364822080299,-0.3025973521310755,0,0,0,0,1.0,0,0,0,4,0,0,0,0,3.394516933737087,4.141514876782156,0.06358381502890173,Exponential Smoothing,trend_down,1
0,172.10774154702315,17.409450663943133,0,138.15825785792327,207.74918558812226,0,0.09224659159349513,-0.9620803988442859,1,0.9859759187864862,-0.30027136452914976,0,0,0,0,1.0,0,0,0,4,0,0,0,0,3.4119053505920145,4.218962960308224,0.058823529411764705,Exponential Smoothing,trend_down,1
0,172.24087272810942,17.374450770877537,0,137.71056408760708,208.0911392012717,0,0.02255661268697347,-0.9908581548939606,1,0.9877972568254487,-0.3019219689136009,0,0,0,0,1.0,0,0,0,4,0,0,0,0,3.0728459560529426,3.720301409726535,0.047872340425531915,Exponential Smoothing,trend_down,1
0,104.27926433334918,18.075106537018165,0,68.47577316721551,141.152167696833,0,-0.02930305155972052,-0.7946956341511675,0,0.04332020458012109,0.048236734488555366,1,7,0,0,1.0,0,0,0,5,0,0,0,0,9.799235756632395,12.002085687473253,0.20134228187919462,XGBoost,seasonal_strong,4
0,102.9088036159644,17.189873942093715,0,68.15769151105022,135.80588132782475,0,-0.022858169966076498,-0.7229286743826258,0,0.037873962068261324,0.004591475817640043,1,7,0,0,1.0,0,0,0,4,0,0,0,0,9.543170234978259,11.681689562400594,0.17272727272727273,XGBoost,seasonal_strong,4
0,105.04048846936887,17.72727191724805,0,67.38227919027474,142.4706525553736,0,0.0077506248445909694,-0.7468291777351932,0,0.06497732793661892,0.035267662906020264,1,7,0,0,1.0,0,0,0,5,0,0,0,0,9.585720091641832,11.905020421651724,0.21243523316062177,XGBoost,seasonal_strong,4
0,105.0571977654234,18.15587580620355,0,65.25368443958156,146.29501484644717,0,0.03931151851327433,-0.7134144252994936,0,0.07310067499508521,0.039108257190018925,1,7,0,0,1.0,0,0,0,5,0,0,0,0,9.839099149192927,12.15890666144825,0.2019704433497537,XGBoost,seasonal_strong,4
0,106.72740645901038,18.14226317899854,0,65.95758971829314,143.5498499717142,0,-0.07282849351390558,-0.7023043554989661,1,0.10645961812524263,0.04693681477236729,1,7,0,0,1.0,0,0,0,7,0,0,0,0,9.76725796042312,11.974081727310072,0.17898832684824903,XGBoost,seasonal_strong,4
0,105.51434825768526,17.878192253384817,0,67.92588706862045,145.2151039077488,0,0.007014096719993382,-0.6987640921089153,1,0.08521022942297451,0.046150967836441556,1,7,0,0,1.0,0,0,0,7,0,0,0,0,9.81483610247116,12.030231143846978,0.20192307692307693,XGBoost,seasonal_strong,4
0,103.80658252142169,17.981604087052308,0,66.50304856735792,140.64022038131628,0,-0.07760104999866979,-0.7824283068444169,0,0.0495969944905863,0.050958840942039826,1,7,0,0,1.0,0,0,0,5,0,0,0,0,9.849056593215618,11.975224408672705,0.17518248175182483,XGBoost,seasonal_strong,4
0,105.0608621925349,17.919975013908793,0,68.08029128689132,142.7569081892839,0,-0.052147264243732,-0.7392477084155495,0,0.052278404979215654,0.04733559271084349,1,7,0,0,1.0,0,0,0,5,0,0,0,0,9.855016195799752,12.051174134862707,0.19318181818181818,XGBoost,seasonal_strong,4
0,103.465652240239,17.847630816703866,0,69.42942206744107,139.6446498680741,0,0.06633213344959599,-0.7356216760677596,0,0.04761961991149599,0.04814717918914224,1,7,0,0,1.0,0,0,0,5,0,0,0,0,9.915139206276272,12.086098625632532,0.1810344827586207,XGBoost,seasonal_strong,4
0,104.84429934667205,17.96969442398095,0,68.481973534172,144.20041068706456,0,0.0012684346183892679,-0.7773578819638014,1,0.07410999521709305,0.04771746639691208,1,7,0,0,1.0,0,0,0,7,0,0,0,0,9.786003422333653,11.985980548445404,0.19680851063829788,XGBoost,seasonal_strong,4
0,104.50555687055116,17.47760021555663,0,69.45167037738804,143.4881128414573,0,-0.0022776256517235026,-0.7000106457523083,0,0.057812506987136136,0.039591005912319066,1,7,0,0,1.0,0,0,0,4,0,0,0,0,9.621281230185096,11.765372139032547,0.1875,XGBoost,seasonal_strong,4
0,104.20150862577522,17.947684264336807,0,65.94442816960618,144.11414086940835,0,-0.042705938824831605,-0.7564543561690873,0,0.07206084491868392,0.03636962096426767,1,7,0,0,1.0,0,0,0,5,0,0,0,0,9.798291628799873,12.010900956129507,0.18232044198895028,XGBoost,seasonal_strong,4
0,106.54053026109264,17.890513866112137,0,70.13858441653467,146.84981268807235,0,0.02558465031576026,-0.7868441496119463,1,0.08030504470672284,0.04673937229756785,1,7,0,0,1.0,0,0,0,7,0,0,0,0,9.500593070630318,11.857404199370645,0.1951219512195122,XGBoost,seasonal_strong,4
0,104.77297345434157,17.729372837405208,0,67.27997178437148,139.88183953821527,0,0.02515253519543707,-0.7671131333361672,0,0.06627212994076426,0.04357305597565498,1,7,0,0,1.0,0,0,0,5,0,0,0,0,9.607579503502127,11.898081007739767,0.21693121693121692,XGBoost,seasonal_strong,4
0,105.70828890027094,18.12480737734571,0,67.19936661276948,145.84729928912657,0,-0.04374223810597907,-0.7337110108976068,1,0.08308217570179777,0.047092558240272406,1,7,0,0,1.0,0,0,0,7,0,0,0,0,9.916118862475905,12.152626131309374,0.1891891891891892,XGBoost,seasonal_strong,4
0,105.2739489678015,18.056578838937984,0,67.791552093729,145.87290983480324,0,-0.021776037004293092,-0.7542530046885645,1,0.08343436218806732,0.039352147997488304,1,7,0,0,1.0,0,0,0,7,0,0,0,0,9.804494702381646,11.952702922441958,0.1813953488372093,XGBoost,seasonal_strong,4
0,104.964538304738,17.94766086497717,0,65.28076969184087,142.06801511949143,0,-0.06389830575081101,-0.6679598596315399,0,0.06390929186695626,0.051634964141208745,1,7,0,0,1.0,0,0,0,4,0,0,0,0,9.835432255436162,12.103969692516108,0.1977401129943503,XGBoost,seasonal_strong,4
0,104.52770923996553,17.72987084303949,0,69.4037254743379,141.61065253283166,0,-0.01497008467026268,-0.7917447362496506,0,0.0638261121726903,0.045674648010241,1,7,0,0,1.0,0,0,0,5,0,0,0,0,9.759658203529382,11.907387971491035,0.18497109826589594,XGBoost,seasonal_strong,4
0,103.83751825830451,17.945232690189872,0,67.97696904068829,142.4039041045446,0,-0.016025636244347177,-0.7504540038080529,0,0.04222719876957981,0.03057298108951976,1,7,0,0,1.0,0,0,0,5,0,0,0,0,10.03003324165772,12.063096699802175,0.18064516129032257,XGBoost,seasonal_strong,4
0,103.57050352026567,17.762747753319537,0,66.09438979157146,137.2662838146182,0,-0.07491661089381636,-0.7986944684317869,0,0.048129728298587526,0.023813447369791428,1,7,0,0,1.0,0,0,0,5,0,0,0,0,10.02763555193181,12.05558912324241,0.19548872180451127,XGBoost,seasonal_strong,4
0,105.99086186019959,18.028335478184058,0,66.33846342200701,149.6224649684508,0,0.04037489913715423,-0.7165098913079357,1,0.09223795289368719,0.040203148812396935,1,7,0,0,1.0,0,0,0,7,0,0,0,0,9.976319228189848,12.12435404087908,0.1984126984126984,XGBoost,seasonal_strong,4
0,103.7890960756192,17.392300499170112,0,67.893199548373,138.65390829458096,0,-0.07446372753296977,-0.7772075333919495,0,0.03311539353839965,0.02289579363433588,1,7,0,0,1.0,0,0,0,4,0,0,0,0,9.640093760174754,11.724974188945255,0.19230769230769232,XGBoost,seasonal_strong,4
0,106.36588158498017,17.790581601160582,0,65.9023654692839,147.79547420294742,0,0.0293339255268159,-0.6288304968927361,1,0.08941355910878535,0.0438041853977136,1,7,0,0,1.0,0,0,0,7,0,0,0,0,9.717507918679686,11.887883559936819,0.19678714859437751,XGBoost,seasonal_strong,4
0,107.12860377465097,18.388532880983316,0,68.67129578117749,145.8314639642789,0,0.01744296487311125,-0.7781917050828162,1,0.10769337396250611,0.04893178137924826,1,7,0,0,1.0,0,0,0,7,0,0,0,0,10.07175859508212,12.10963564930263,0.20149253731343283,XGBoost,seasonal_strong,4
0,103.90643572052115,17.77580235804325,0,67.37519779213244,141.32761896856658,0,-0.04086364301073512,-0.7840112446540095,0,0.04456054097852802,0.03530430300054645,1,7,0,0,1.0,0,0,0,5,0,0,0,0,9.961735293705422,11.981881844312706,0.16666666666666666,XGBoost,seasonal_strong,4
0,104.94781692581485,17.50269810517112,0,67.20272947062054,141.41135782601114,0,-0.0036054560349831504,-0.6882783017033605,0,0.06724363613501116,0.03448120999750748,1,7,0,0,1.0,0,0,0,5,0,0,0,0,9.555267574242079,11.830110757490303,0.21649484536082475,XGBoost,seasonal_strong,4
0,107.26362537514491,18.156803720355512,0,69.45463985388744,146.2354607817665,0,0.024612126903550254,-0.694450748279535,1,0.11565620660601861,0.05046832687609293,1,7,0,0,1.0,0,0,0,7,0,0,0,0,9.85234176039643,11.99867582716304,0.2049469964664311,XGBoost,seasonal_strong,4
0,106.94653420563769,18.410981425442248,0,68.34217470251099,149.0924234323573,0,0.018542069257628628,-0.7299957937883885,1,0.10791206617458393,0.05016246522492773,1,7,0,0,1.0,0,0,0,7,0,0,0,0,9.995566186617856,12.117744307385717,0.1865671641791045,XGBoost,seasonal_strong,4
0,107.32116122853151,18.09773476613316,0,65.4416491285613,147.23713769145115,0,-0.001196119423938497,-0.6888580884267945,1,0.11695636164184864,0.043684942491028174,1,7,0,0,1.0,0,0,0,7,0,0,0,0,9.86775405503706,12.043948153147186,0.1986062717770035,XGBoost,seasonal_strong,4
0,106.36845207841287,18.04558964081413,0,69.29693541063062,147.84135578871195,0,0.017232718107033074,-0.7271005898351639,1,0.10841680407798815,0.05045813927727437,1,7,0,0,1.0,0,0,0,7,0,0,0,0,9.699584331795457,11.902331634460275,0.1906779661016949,XGBoost,seasonal_strong,4
0,113.95240984110814,9.926057256467647,0,86.55884700399693,136.2072681700034,0,-0.05782361398864818,-0.6180815578626904,1,0.746212937823512,0.0986610235867288,0,0,0,0,1.0,0,0,0,3,0,0,0,0,6.237190604784145,7.64244222632214,0.1993006993006993,Exponential Smoothing,seasonal_weak,1
0,111.93972685383193,8.82692761774984,0,91.51435363505215,132.52885533155728,0,-0.04589541093660189,-0.6755192237446423,1,0.7748263290698323,0.10408604248137171,0,0,0,0,1.0,0,0,0,4,0,0,0,0,5.204130350204553,6.308739471728633,0.2,Exponential Smoothing,seasonal_weak,1
0,108.9775064384189,7.3719334631406825,0,93.33863650031338,123.70731570402015,0,-0.0009719609573416786,-0.7282782775619774,1,0.5683641599743032,0.09554232263803004,0,0,0,0,1.0,0,0,0,3,0,0,0,0,5.5687321751088055,6.8559899380946305,0.2864864864864865,SARIMA,seasonal_weak,2
0,110.60382933941233,9.165827521654375,0,89.53065793025411,139.31834399295371,0,0.21549698331812694,-0.3999523717154885,1,0.7160503736638592,0.12022605120148927,0,0,0,0,1.0,0,0,0,3,0,0,0,0,5.969114902234773,7.511019098966364,0.23113207547169812,Exponential Smoothing,seasonal_weak,1
0,111.34467739150973,9.133781855295458,0,88.54716147793425,135.38604910278164,0,-0.0026126061866164393,-0.3924036745526256,1,0.7170625266322148,0.10704973050990359,0,0,0,0,1.0,0,0,0,4,0,0,0,0,5.687501754589663,6.896858156663279,0.24050632911392406,Exponential Smoothing,seasonal_weak,1
0,109.84947807556661,8.431688420228319,0,90.59280183408703,131.63813481468938,0,0.1761665575199269,-0.5731312752802227,1,0.6177665356496278,0.107685589467329,0,0,0,0,1.0,0,0,0,3,0,0,0,0,5.911653728557586,7.547854054916798,0.25757575757575757,Exponential Smoothing,seasonal_weak,1
0,114.27475055014614,9.825575303600615,0,91.95721760443921,138.88386999745163,0,0.11051987005436223,-0.4469740838223979,1,0.7708532694610699,0.10221589785718126,0,0,0,0,1.0,0,0,0,4,0,0,0,0,5.421675317398972,6.92916432736829,0.1552346570397112,Exponential Smoothing,seasonal_weak,1
0,114.82340973258073,10.033364432700969,0,92.18123255349627,139.4837750971435,0,0.04998391356511663,-0.6637457748079725,1,0.7892666142818876,0.09869113600213913,0,0,0,0,1.0,0,0,0,4,0,0,0,0,4.99085524640948,6.485154683684563,0.1505016722408027,Exponential Smoothing,seasonal_weak,1
0,110.77248710511552,8.57126685793519,0,91.38836341832189,134.08470172744117,0,0.23479954987549229,-0.23868116227237257,1,0.671379987442035,0.10333216068480412,0,0,0,0,1.0,0,0,0,3,0,0,0,0,5.629832653495186,7.041044315579432,0.271889400921659,SARIMA,seasonal_weak,2
0,112.02423148516597,9.083148806197077,0,90.39701549144799,137.37003536464977,0,0.09214254730382909,-0.4670342476656155,1,0.7026578907075121,0.10389553539323415,0,0,0,0,1.0,0,0,0,3,0,0,0,0,6.1384321179271195,7.391897696959948,0.24180327868852458,SARIMA,seasonal_weak,2
0,114.046652200274,9.919455588664972,0,91.42462197294607,143.95322619787035,0,0.1278366718719777,-0.34581093574517485,1,0.7592454139535862,0.09711072406096609,0,0,0,0,1.0,0,0,0,4,0,0,0,0,5.774197817760779,7.211812974247019,0.2179930795847751,Exponential Smoothing,seasonal_weak,1
0,105.70752941944893,5.938168854928032,0,90.61728307951759,123.25624730972837,0,-0.005962493487159885,0.44014886865672453,1,0.38808217546611656,0.08888316783530538,0,0,0,1,1.0,0,0,0,2,0,0,0,0,5.299997038138866,6.57330408592065,0.40594059405940597,ARIMA,seasonal_weak,0
0,110.6745664623769,7.864160823958994,0,92.10287067521422,129.31764069993295,0,0.14867294110703577,-0.4697027335878805,1,0.6344179317415417,0.09571553742822407,0,0,0,0,1.0,0,0,0,3,0,0,0,0,5.6405965247451215,6.978019120908797,0.25821596244131456,SARIMA,seasonal_weak,2
0,107.43007382040568,7.165292714521966,0,90.13852338341187,127.06408381284317,0,0.10305047334805247,-0.22325779548642455,1,0.503647437275804,0.10497260301763664,0,0,0,0,1.0,0,0,0,3,0,0,0,0,6.108443865955033,7.576692382085297,0.3877551020408163,SARIMA,seasonal_weak,2
0,105.64056905073595,6.383931169878428,0,87.2739350410809,120.20246022272543,0,-0.08259879475060458,-0.24493958818427553,1,0.2768238047581766,0.08853079283680615,0,0,0,1,1.0,0,0,0,2,0,0,0,0,5.9264560381620965,7.251791428207612,0.4016393442622951,ARIMA,seasonal_weak,0
0,112.62828806186515,8.991358721190663,0,86.91307480711724,139.02398687006854,0,-0.03850305697406808,-0.3073318380576424,1,0.7102889934590946,0.10020689519134458,0,0,0,0,1.0,0,0,0,3,0,0,0,0,5.573931522346303,7.11585867864891,0.22267206477732793,Exponential Smoothing,seasonal_weak,1
0,107.01083883396329,6.224346274812233,0,83.51594530378838,121.80703360275155,0,-0.11332469595551699,0.5835064074233651,1,0.40914307418550044,0.08975769237389812,0,0,0,0,1.0,0,0,0,3,0,0,0,0,5.080969812259309,6.670752017934003,0.3208955223880597,Exponential Smoothing,seasonal_weak,1
0,114.86371949992538,10.326813069890008,0,89.33092019825425,139.9159244119075,0,-0.052505285218736236,-0.5292329643112916,1,0.7539621337172202,0.09905945283042265,0,0,0,0,1.0,0,0,0,3,0,0,0,0,6.450197127528739,7.961731131502091,0.23076923076923078,SARIMA,seasonal_weak,2
0,112.5438510873485,8.968046511741846,0,90.45673721575952,142.08627684434592,0,0.15685507341197175,-0.1766757548472917,1,0.6524815572590659,0.09400211768770758,0,0,0,0,1.0,0,0,0,3,0,0,0,0,6.446429274091559,7.9194832986116745,0.252,Exponential Smoothing,seasonal_weak,1
0,106.13796092805283,6.529724354164499,0,90.63912951359434,121.28915540063677,0,-0.1221556252565463,-0.35306947098806063,1,0.3635888139420004,0.0958238518101397,0,0,0,0,1.0,0,0,0,3,0,0,0,0,6.059888299098267,7.5024907290508915,0.328,SARIMA,seasonal_weak,2
0,113.36256587859614,9.340743969423963,0,92.63795828400843,135.6553082682655,0,0.023226296211170352,-0.662156672425338,1,0.7209801954857457,0.09918142394789035,0,0,0,0,1.0,0,0,0,3,0,0,0,0,6.083239150584515,7.599103812951652,0.23282442748091603,SARIMA,seasonal_weak,2
0,104.88262212898492,6.444230644257387,0,87.14640412048485,121.72823886861804,0,-0.11975344293510068,-0.14043515899848336,1,0.29974662884807735,0.08675315692950261,0,0,0,1,1.0,0,0,0,2,0,0,0,0,5.967346268850087,7.403820171498291,0.4090909090909091,SARIMA,seasonal_weak,2
0,112.99538637596014,9.499004999059405,0,90.89109641121429,137.43980370744174,0,0.0941889275402654,-0.6558526894951693,1,0.7110145952792306,0.09648942553668421,0,0,0,0,1.0,0,0,0,4,0,0,0,0,5.993976494292282,7.224616825674026,0.23722627737226276,Exponential Smoothing,seasonal_weak,1
0,114.00311356053102,9.856747431765289,0,90.72194655842328,134.53861777356053,0,-0.10921664162696622,-0.7671113690236351,1,0.7222720414387769,0.10141628001183063,0,0,0,0,1.0,0,0,0,3,0,0,0,0,6.2459935258035575,7.740333375479859,0.23897058823529413,Exponential Smoothing,seasonal_weak,1
0,111.95737197690288,8.929515638416744,0,91.8021979211569,132.2282030182074,0,-0.005659275348164114,-0.8337920569078823,1,0.7222964954486382,0.1045749384664171,0,0,0,0,1.0,0,0,0,4,0,0,0,0,5.449640118488034,6.702854341820407,0.21161825726141079,Exponential Smoothing,seasonal_weak,1
0,110.37764176588865,7.913981987972825,0,84.66930374202667,131.53971970733983,0,-0.16197237402284181,-0.24591509979236914,1,0.6258873212999145,0.09838400841567987,0,0,0,0,1.0,0,0,0,3,0,0,0,0,5.869025227081494,7.351164239733993,0.3088235294117647,Exponential Smoothing,seasonal_weak,1
0,110.99701696673388,8.164484072043829,0,88.12263829363724,131.00490424055664,0,-0.04521604671548112,-0.21252715430314817,1,0.6251709075115602,0.09453712063735831,0,0,0,0,1.0,0,0,0,3,0,0,0,0,5.664507587086919,7.029967729061953,0.2318181818181818,SARIMA,seasonal_weak,2
0,106.70033812270549,6.605850306109003,0,91.35460343674579,125.47222721172716,0,0.4497196838868129,-0.24553201835599525,1,0.4341312099582504,0.0993906311726439,0,0,0,0,1.0,0,0,0,3,0,0,0,0,5.7601069636454545,7.176228157802517,0.359375,Exponential Smoothing,seasonal_weak,1
0,110.14959177192544,7.538979340710061,0,92.2740406324143,130.5800380979445,0,0.0260488893246303,-0.31085713112155977,1,0.6172092603484067,0.09875711214919262,0,0,0,0,1.0,0,0,0,3,0,0,0,0,5.6399586191133375,7.055124608905681,0.26842105263157895,SARIMA,seasonal_weak,2
0,109.08619925515177,7.843534394027861,0,87.95446641923655,132.5979769734653,0,0.1348142477395944,-0.08152365225907499,1,0.4818237714903527,0.09295780362320978,0,0,0,0,1.0,0,0,0,3,0,0,0,0,6.4810552305822755,8.003711032665391,0.32972972972972975,Exponential Smoothing,seasonal_weak,1
0,50.313734340587075,10.719452375461675,0,21.715200869214577,77.67136689596026,0,-0.059052988216960665,-0.08243251622798997,0,0.0710223728772218,0.000812220704832071,0,0,0,1,1.0,0,0,0,0,0,0,0,0,12.273235149129702,15.365742859456704,0.5206611570247934,Exponential Smoothing,stationary,1
0,51.58227029594375,9.24002342528542,0,27.53365322137734,79.49097917669587,0,0.0777064220745577,0.05873587094118493,0,0.06427865685510314,0.03057439735231955,0,0,0,1,1.0,0,0,0,0,0,0,0,0,10.362753827390867,12.868871643143025,0.5063291139240507,ARIMA,stationary,0
0,49.67147819364451,9.326096642031462,0,21.577786212730903,71.95980288137133,0,-0.1702662735408443,0.35154630142382226,0,0.052230999068521244,0.0033146469422870727,0,0,0,1,1.0,0,0,0,0,0,0,0,0,10.762983865453911,13.29197481200316,0.48214285714285715,ARIMA,stationary,0
0,49.04604144355284,10.02318975820238,0,18.95637446361671,77.08448853442326,0,-0.1936152308916931,0.0852119397278357,0,0.06756549240025056,-0.010861256466773708,0,0,0,1,1.0,0,0,0,0,0,0,0,0,11.17022791718186,14.188536469762111,0.4883720930232558,ARIMA,stationary,0
0,50.55969195329614,10.928836227552365,0,26.55856681488549,80.40210686590896,0,0.1356409544311358,-0.3944084686541376,1,0.12606176693943216,0.08562712522052501,0,0,0,1,1.0,0,0,0,2,0,0,0,0,12.603520845933923,15.377927726858786,0.5192307692307693,XGBoost,stationary,4
0,49.95485500578741,10.818804000914886,0,22.334300625622706,90.15600341234426,0,0.18131793284079853,0.08651457406384955,0,0.13292854160760392,-0.0016583116477352207,0,0,0,1,1.0,0,0,0,0,0,0,0,0,12.200098458606572,15.12592000823707,0.4810606060606061,ARIMA,stationary,0
0,49.694989081232535,10.045436725940798,0,23.13245228452386,74.19013206973638,0,0.01812646328340428,-0.28406360629077065,0,0.057408490662544276,0.016533002889084866,0,0,0,1,1.0,0,0,0,0,0,0,0,0,11.213361385800537,14.17275047900733,0.49047619047619045,ARIMA,stationary,0
0,50.16526465530728,10.236647921499127,0,21.376647524787494,74.4038571827474,0,-0.15250067558428498,-0.35134234272032705,0,0.12921662404923306,-0.007132469816386396,0,0,0,1,1.0,0,0,0,0,0,0,0,0,11.355907896750171,13.777835118065989,0.5173745173745173,XGBoost,stationary,4
0,49.73471233077807,9.491394289823457,0,23.872274063144964,77.84517470242766,0,0.03224257191982044,-0.15242395382387963,0,0.07660079012555832,0.015521245806862469,0,0,0,1,1.0,0,0,0,0,0,0,0,0,10.535997721862257,13.130334554261491,0.489010989010989,SARIMA,stationary,2
0,50.14777198012257,9.542870239847858,0,22.897108634344583,75.4059746371048,0,-0.05762876630924374,-0.21655375190268877,0,0.08139033522386141,0.007583251766567935,0,0,0,1,1.0,0,0,0,0,0,0,0,0,11.094037949317359,13.741316070541949,0.5304659498207885,ARIMA,stationary,0
0,49.82320879321602,9.837638912235215,0,23.225697418119495,78.53537831766931,0,-0.026367825518698138,-0.019333612713123394,0,0.09201490004266055,-0.01216827775417756,0,0,0,1,1.0,0,0,0,0,0,0,0,0,11.192167401915924,14.106859638671795,0.49230769230769234,SARIMA,stationary,2
0,50.17572791056658,10.129227920297126,0,19.606144609511873,83.67362932331706,0,-0.06468505510305421,0.19602666547877412,0,0.06708212433787253,-0.014235132983832366,0,0,0,1,1.0,0,0,0,0,0,0,0,0,11.39035512495512,14.634906145550003,0.4744897959183674,ARIMA,stationary,0
0,49.78550444076821,9.982993785185547,0,26.625942420998022,74.57318399623394,0,0.13584482556907665,-0.5710492242622021,0,0.05652466867445205,0.000137967118926082,0,0,0,1,1.0,0,0,0,0,0,0,0,0,11.604385689291396,14.125438432374542,0.4973544973544973,ARIMA,stationary,0
0,49.81747773752333,9.71227278809068,0,24.243919327858656,70.9287875503143,0,-0.13059257502396454,-0.5271939724561574,0,0.12044428925885486,-0.014049804941375343,0,0,0,1,1.0,0,0,0,0,0,0,0,0,10.706703381118993,13.228505754583344,0.45685279187817257,ARIMA,stationary,0
0,50.50444225012724,10.917624438645507,0,21.840444145902865,76.31747656496455,0,-0.0017897975116423174,-0.2371520978236279,0,0.10943159498631783,-0.04493459897902313,0,0,0,1,1.0,0,0,0,0,0,0,0,0,11.704525446274882,14.984904018210326,0.4392523364485981,ARIMA,stationary,0
0,50.15525998091231,8.872903279200536,0,29.187391797297767,73.22350302159971,0,0.024687155818641966,-0.2674133233040803,0,0.1275309280156659,-0.02207072155448461,0,0,0,1,1.0,0,0,0,0,0,0,0,0,8.892931828038922,11.474507468670192,0.3958333333333333,ARIMA,stationary,0
0,50.594914401370495,9.585195850119371,0,21.263191324842083,81.64116438801807,0,0.0014471514944601495,0.2535161710702054,0,0.05164419047391833,0.017575026350356487,0,0,0,1,1.0,0,0,0,0,0,0,0,0,10.394198123330394,13.294151340629693,0.4336734693877551,XGBoost,stationary,4
0,48.48798603913577,9.22777124480601,0,27.141377863872297,71.77295477246025,0,-0.058859211538206946,-0.1956862487588218,0,0.044971587617872566,0.01541921602917006,0,0,0,1,1.0,0,0,0,0,0,0,0,0,11.182757852823123,13.739070199067596,0.5636363636363636,ARIMA,stationary,0
0,52.26239130824224,9.04800396887841,0,29.82518233501971,75.98420691158624,0,0.04328182404737326,-0.3990882655747705,0,0.07443704428807396,0.006058492602517735,0,0,0,1,1.0,0,0,0,0,0,0,0,0,11.146211127577885,14.29081823103523,0.5428571428571428,ARIMA,stationary,0
0,49.55797703923309,10.62927414012566,0,23.491632141348084,89.24885374885935,0,0.3339844411371762,0.38755755168293504,0,0.05600260741946639,0.008787340447968642,0,0,0,1,1.0,0,0,0,0,0,0,0,0,12.75107655542182,15.872294425715705,0.5656934306569343,ARIMA,stationary,0
0,49.81265635105375,9.371247953933876,0,25.185828439412624,80.5726941351241,0,0.08224176949703702,-0.11688805292044124,0,0.11529433180818449,-3.1272276889202337e-05,0,0,0,1,1.0,0,0,0,0,0,0,0,0,10.448426046384188,13.041182988674539,0.5034965034965035,Exponential Smoothing,stationary,1
0,51.172547791664016,9.67177730357233,0,23.509390436867005,75.01586284104526,0,-0.12241108852338323,0.023035976553388515,0,0.06860050748565649,-0.00094097767673442,0,0,0,1,1.0,0,0,0,0,0,0,0,0,11.264079843597882,13.956753308632932,0.5359116022099447,XGBoost,stationary,4
0,49.58994751545819,9.685749790918901,0,19.822634025927425,77.08682308887471,0,0.015725827338711404,0.04850823451279762,0,0.08515552753493116,-0.0038688402670181816,0,0,0,1,1.0,0,0,0,0,0,0,0,0,11.332254349313686,14.459949401998296,0.525691699604743,XGBoost,stationary,4
0,51.16373739949216,10.256188834327558,0,22.41739183598851,78.60797767494876,0,-0.04553099038457845,-0.08638700373819663,0,0.08141742878147706,0.005667799982740084,0,0,0,1,1.0,0,0,0,0,0,0,0,0,11.835184865931751,14.975883991044897,0.5247524752475248,SARIMA,stationary,2
0,53.18633920210379,10.398753626600023,0,20.58631488488406,84.39228571775564,0,-0.22332986285112574,0.7113589655547843,0,0.0696148807470589,0.026999526728871723,0,0,0,1,1.0,0,0,0,0,0,0,0,0,10.997895831095065,14.588073094490275,0.5,ARIMA,stationary,0
0,49.68706831881239,10.34642605122623,0,23.59745113747255,71.92706712881564,0,-0.31443008628759406,-0.226275459527002,0,0.10458765513001234,0.019965394942936258,0,0,0,1,1.0,0,0,0,0,0,0,0,0,11.98462231678317,14.41616839546149,0.45614035087719296,ARIMA,stationary,0
0,51.112087008183806,10.622218066336819,0,23.549971259431615,80.73653753000765,0,0.1990027045854395,0.26552238629685565,0,0.15996487951002158,-0.019663229000209618,0,0,0,1,1.0,0,0,0,0,0,0,0,0,11.24574888473359,14.185151422006884,0.4375,STL + ETS (Hybrid),stationary,3
0,50.63746252617489,9.762077810676296,0,22.00425791244786,74.79697667999379,0,0.016199468895060323,-0.36195843966831687,0,0.08806508870333563,0.0007810466050199863,0,0,0,1,1.0,0,0,0,0,0,0,0,0,11.748163431906836,14.34907004817176,0.5221843003412969,ARIMA,stationary,0
0,50.29424853767113,9.845544247259141,0,20.147563830458065,69.73286448837736,0,-0.40781695724403594,0.048210665901665894,0,0.12343987504073695,1.4735935688486909e-05,0,0,0,1,1.0,0,0,0,0,0,0,0,0,11.038555467512134,13.940841075510411,0.5074626865671642,ARIMA,stationary,0
0,50.46123417558938,9.386235957380533,0,23.173875246254866,75.13639721500887,0,-0.06787981801689383,-0.021865384868000604,0,0.057261946382683115,0.021051087284962914,0,0,0,1,1.0,0,0,0,0,0,0,0,0,10.270572104316456,13.530134030495965,0.48226950354609927,ARIMA,stationary,0
0,100.80589770709344,13.551394475749957,0,67.27438488916354,132.85379591197753,0,0.01682097036019986,-0.7504041052074619,0,0.7247004552955452,-0.014181273826562644,0,0,0,1,1.0,0,0,0,1,0,0,0,0,5.7817833619628125,7.360473273946603,0.14720812182741116,XGBoost,cyclic,4
0,100.62465025165888,13.585664554549943,0,70.38332893102496,130.8976963110485,0,0.016587433619088897,-0.7682313897974722,0,0.732548314233793,-0.013440675831015717,0,0,0,1,1.0,0,0,0,1,0,0,0,0,6.309976668810751,7.7981255304125225,0.22900763358778625,XGBoost,cyclic,4
0,101.07702633847455,13.931911550576416,0,66.46131049167778,133.25631580182431,0,0.05696922462093715,-0.8432978815845549,0,0.7755736842208583,-0.008966626682244613,0,0,0,1,1.0,0,0,0,1,0,0,0,0,5.8366731787125055,7.291666355123939,0.11864406779661017,XGBoost,cyclic,4
0,100.93293357205873,13.264707923714427,0,72.00299991676378,130.38744875098735,0,0.09864039079734613,-0.6479384187006012,1,0.7288050580753691,-0.06335612682255669,0,0,0,1,1.0,0,0,0,3,0,0,0,0,5.411832772039342,6.701455483396935,0.15384615384615385,XGBoost,cyclic,4
0,100.42891591937376,14.278280179224005,0,62.18137316868271,132.76958576054133,0,-0.011499846245361574,-0.4754718705521519,0,0.7336078437354822,-0.003906439543718584,0,0,0,1,1.0,0,0,0,1,0,0,0,0,5.961454228816644,7.629251731468487,0.16845878136200718,XGBoost,cyclic,4
0,100.37481726035665,14.319213731070636,0,68.0247143100098,133.50179430823064,0,-0.011928017694378552,-0.7356840529016684,0,0.7672031690731099,-0.002719761904699704,0,0,0,1,1.0,0,0,0,1,0,0,0,0,5.848494084639443,7.338453467554061,0.13120567375886524,XGBoost,cyclic,4
0,100.52992513720146,13.718714380454985,0,66.27712291296186,132.3215695424865,0,0.16998507766315227,-0.5739315324772574,0,0.763083814092324,-0.023658116198453115,0,0,0,1,1.0,0,0,0,1,0,0,0,0,5.680065089779528,7.270311828617106,0.1581196581196581,XGBoost,cyclic,4
0,102.27453648170057,13.24741574718146,0,69.20066216532311,132.51944050022598,0,-0.11127112365629536,-0.568831470276129,0,0.7699496383712039,-0.021195822335991092,0,0,0,1,1.0,0,0,0,1,0,0,0,0,5.524031883260435,6.781996313558454,0.1901840490797546,XGBoost,cyclic,4
0,100.06847221800392,13.97438049899965,0,66.39330734937728,126.74172157378521,0,-0.1899735372435673,-0.7191302436866907,1,0.7370292831324232,-0.0834893825584755,0,0,0,1,1.0,0,0,0,3,0,0,0,0,5.890397442395942,7.2048817906902585,0.14285714285714285,XGBoost,cyclic,4
0,100.24206256858294,13.974542551880221,0,67.61521708164872,135.41516863216606,0,0.08412165539113675,-0.5574140247133812,0,0.786679606350841,-0.009931463188996936,0,0,0,1,1.0,0,0,0,1,0,0,0,0,5.708540536307166,7.194805677345681,0.16580310880829016,XGBoost,cyclic,4
0,100.6135315677566,13.88570410555371,0,69.63349973794763,131.08532549697554,0,0.018126810429424826,-0.9038592925507625,0,0.7676426747755668,-0.011736194721173758,0,0,0,1,1.0,0,0,0,1,0,0,0,0,6.237853747059736,7.725371118671666,0.16387959866220736,XGBoost,cyclic,4
0,100.3334129176441,13.461672199624235,0,71.28016627017772,132.00466726730122,0,0.03192735969816557,-0.7922467392967261,0,0.718343562045122,-0.018180011409567078,0,0,0,1,1.0,0,0,0,1,0,0,0,0,5.932295285952587,7.677446272652043,0.1487603305785124,XGBoost,cyclic,4
0,100.72247986147632,14.032859400392537,0,65.09906759954461,131.33424452937982,0,0.018726377522411297,-0.6302470552275192,0,0.7676296609675707,-0.018068916366457865,0,0,0,1,1.0,0,0,0,1,0,0,0,0,5.653255144541142,7.13638897194506,0.17391304347826086,XGBoost,cyclic,4
0,100.46907920123499,13.678617815284271,0,68.35699622504974,130.64338966624496,0,-0.0954209205541154,-0.6249258131136153,0,0.774335701570015,-0.024472532367114073,0,0,0,1,1.0,0,0,0,1,0,0,0,0,5.541660316715872,6.892129983438643,0.15859030837004406,XGBoost,cyclic,4
0,102.14323426818312,15.06714979073492,0,69.23903540849544,131.2191869647413,0,0.04642304900394335,-0.776585304410339,0,0.7666963949264878,-0.07051044566394088,0,0,0,1,1.0,0,0,0,1,0,0,0,0,5.909984354649177,7.504657677544211,0.1016949152542373,XGBoost,cyclic,4
0,100.31364017727668,12.842701658701412,0,68.4652161870981,132.26542350106635,0,0.09674078721902643,-0.4942951974352736,0,0.7236318425407159,-0.015753285351020992,0,0,0,1,1.0,0,0,0,1,0,0,0,0,6.316284711807153,7.701304303871681,0.19574468085106383,XGBoost,cyclic,4
0,101.95343379454503,14.670531523301385,0,65.43008463626022,129.2114933778281,0,-0.1750591871932452,-0.5351406373329324,0,0.7609522725384614,-0.058556715500507485,0,0,0,1,1.0,0,0,0,1,0,0,0,0,5.195878311906485,6.55568350769542,0.16666666666666666,XGBoost,cyclic,4
0,102.15517479930587,14.219014723247207,0,70.85941246944711,131.24174082292348,0,-0.0282731038302642,-0.6551820738609466,0,0.7005441390654015,-0.03574850978957667,0,0,0,1,1.0,0,0,0,1,0,0,0,0,6.263083076766356,7.418597827486061,0.17391304347826086,XGBoost,cyclic,4
0,100.01383568559869,13.512275908604728,0,66.57152222301974,130.12106521684908,0,-0.11158975940837593,-0.5076877325480771,1,0.7058651083483759,-0.05221907668833219,0,0,0,1,1.0,0,0,0,3,0,0,0,0,5.809075270041156,7.2390149222936975,0.15846994535519127,XGBoost,cyclic,4
0,100.82515981114095,13.760392293359116,0,71.7044171316127,134.94275037080396,0,0.15506255159685914,-0.6786120142493028,0,0.7345517006092681,-0.051473038065254856,0,0,0,1,1.0,0,0,0,1,0,0,0,0,6.08949024452968,7.807550087504167,0.14184397163120568,XGBoost,cyclic,4
0,101.25131718565159,13.285561198987928,0,73.8785775131994,133.71957683061862,0,0.06957365948826814,-0.6231063852398369,0,0.7141426267151918,-0.003157831389314649,0,0,0,1,1.0,0,0,0,1,0,0,0,0,6.260432411774798,7.726598521835042,0.17578125,XGBoost,cyclic,4
0,101.53459454141553,14.804407192898456,0,70.88861683433434,130.65468410081692,0,0.004012159842635204,-0.8845122995034025,0,0.7525759416766843,-0.07674164614009771,0,0,0,1,1.0,0,0,0,1,0,0,0,0,6.155565211296624,7.861562028718518,0.11016949152542373,XGBoost,cyclic,4
0,100.92794208877551,14.186178341770379,0,69.78579879351051,134.26414393369254,0,0.08426955885425585,-0.6997113340369125,0,0.7561392279926837,0.0019992616533438825,0,0,0,1,1.0,0,0,0,1,0,0,0,0,5.969269208216945,7.410585004857875,0.14285714285714285,XGBoost,cyclic,4
0,101.3194609195762,14.183111516455167,0,66.29309822940391,130.5452339628406,0,-0.11707848713077551,-0.6992291441332492,0,0.6815194046590662,-0.0126313508920088,0,0,0,1,1.0,0,0,0,1,0,0,0,0,6.1929295262815955,7.622651151701927,0.12389380530973451,XGBoost,cyclic,4
0,98.81109263110389,13.81450793778301,0,62.594557136776146,127.92069266839599,0,-0.017760172903656703,-0.677480354201355,1,0.7279605473734514,-0.046451117569550275,0,0,0,1,1.0,0,0,0,3,0,0,0,0,5.96027579894459,7.350528796088752,0.16666666666666666,XGBoost,cyclic,4
0,100.44053340656032,14.24053101573321,0,69.50572350712969,130.36151466480274,0,-0.015504509294743143,-0.8158540901336124,1,0.793182699214909,-0.02332570675198604,0,0,0,1,1.0,0,0,0,3,0,0,0,0,5.72453947648596,7.216497333612371,0.15413533834586465,XGBoost,cyclic,4
0,100.66029231545315,13.959788167612084,0,71.7726170069927,129.77109759947712,0,-0.008084554507774438,-0.7061058197370045,0,0.752694674676204,-0.016964121734985526,0,0,0,1,1.0,0,0,0,1,0,0,0,0,6.26386150426604,7.71728710206236,0.17424242424242425,XGBoost,cyclic,4
0,100.02668061218772,14.188028347747906,0,69.84011288873492,129.96965278335068,0,-0.04178892533459637,-0.7768307477238858,0,0.7739280370690771,-0.018778447852934435,0,0,0,1,1.0,0,0,0,1,0,0,0,0,6.152658815226673,7.7677822715814,0.1553030303030303,XGBoost,cyclic,4
0,100.16789837807227,14.57938965339437,0,62.9950616436888,141.2148266100236,0,0.05660380692496351,-0.524204242515256,0,0.7320766202136246,-0.0034305415972940402,0,0,0,1,1.0,0,0,0,1,0,0,0,0,6.138549951774933,7.602985189989165,0.13651877133105803,XGBoost,cyclic,4
0,101.16385044094018,13.181197404466994,0,66.7499368771885,133.8175961221463,0,-0.0008567836703658227,-0.4776611015620724,0,0.7475531149630033,0.004396743366918769,0,0,0,1,1.0,0,0,0,1,0,0,0,0,5.7905379076359615,7.049252507550614,0.20078740157480315,XGBoost,cyclic,4
0,272.9875608339276,157.49850293137953,0,65.48381821326944,595.5789013048042,0,0.6879058218229546,-0.6864442916850098,1,0.9985823640400805,2.2398449113331806,0,0,0,0,1.0,0,0,0,4,0,0,0,0,7.037281722559976,8.4865373137382,0.004424778761061947,Exponential Smoothing,nonlinear,1
0,151.87276631377551,47.498563462159396,0,63.37231336575293,256.27821776843655,0,-0.0671926313656923,-0.9640805002471113,1,0.9768149074606668,0.8888310814060395,0,0,0,0,1.0,0,0,0,4,0,0,0,0,6.465147538017518,7.860111410177983,0.07142857142857142,XGBoost,nonlinear,4
0,142.6607166500524,45.9874670032813,0,67.18761040743826,216.57632852986538,0,0.0562156441718507,-1.2128134316257833,1,0.9824602901936152,0.928993481836854,0,0,0,0,1.0,0,0,0,4,0,0,0,0,5.7447836354346435,7.404138428748149,0.09,XGBoost,nonlinear,4
0,161.9324379722504,57.79569996706478,0,63.1556514983143,321.0020886035296,0,0.423051219948104,-0.08036035609788206,1,0.9882048201656051,1.1061291894037313,0,0,0,0,1.0,0,0,0,4,0,0,0,0,6.975017313972265,8.645294314796521,0.007407407407407408,XGBoost,nonlinear,4
0,201.51231754240345,91.57860028951694,0,68.03281830609635,366.3329162723212,0,0.4852511289457959,-1.0289440635941554,1,0.9961150798674744,1.6068185931970123,0,0,0,0,1.0,0,0,0,4,0,0,0,0,6.453467049505994,7.704113351176553,0.028901734104046242,XGBoost,nonlinear,4
0,310.1024622519075,185.09457779835867,0,70.67670137511513,715.0813979936955,0,0.5558621601343894,-1.0082430156149638,1,0.9990556573707879,2.4091959503362443,0,0,0,0,1.0,0,0,0,4,0,0,0,0,6.679991401069342,7.973063411472032,0.003968253968253968,SARIMA,nonlinear,2
0,319.2042455369179,193.972690506586,0,67.97372645585237,772.0092313234853,0,0.5879737303673925,-0.9165928532917498,1,0.9992102151664202,2.476199695803885,0,0,0,0,1.0,0,0,0,4,0,0,0,0,6.534427575636549,7.694295254205057,0.0038910505836575876,SARIMA,nonlinear,2
0,184.60637603898593,81.51137385512051,0,65.02131522966273,363.0110978708953,0,0.7690533989775935,-0.23324914148681142,1,0.9946373357062297,1.5117202705492012,0,0,0,0,1.0,0,0,0,5,0,0,0,0,6.727485569625314,8.028510088655189,0.05844155844155844,Exponential Smoothing,nonlinear,1
0,192.03461070752425,87.14603192887496,0,63.347094289846154,370.1352299829548,0,0.6669940685063868,-0.6258073220280984,1,0.9945506776271839,1.5964676980644685,0,0,0,0,1.0,0,0,0,4,0,0,0,0,6.663361494060817,8.005951241085082,0.043478260869565216,STL + ETS (Hybrid),nonlinear,3
0,199.27117050431548,90.94016006628753,0,55.77646203469007,362.6866726574222,0,0.5073732949723708,-0.9623128593919374,1,0.9964672838543092,1.6116616754174704,0,0,0,0,1.0,0,0,0,4,0,0,0,0,5.5825827373852075,6.800243907470992,0.029411764705882353,ARIMA,nonlinear,0
0,145.44304467187925,43.68566881219655,0,65.47279091819581,223.08442537692704,0,-0.08334046749941854,-1.0953669963274666,1,0.9644259169183328,0.7851284273222372,0,0,0,0,1.0,0,0,0,4,0,0,0,0,6.958950540824524,8.52583752144758,0.0625,XGBoost,nonlinear,4
0,209.40891889896164,95.97831164305401,0,65.44486114463585,391.9784591867939,0,0.3977542966291685,-1.176470027398712,1,0.9948585060008789,1.6372335047918445,0,0,0,0,1.0,0,0,0,4,0,0,0,0,6.742371256666849,7.954533356229567,0.049723756906077346,XGBoost,nonlinear,4
0,397.79636477534103,266.4352114225198,0,65.58817046564359,938.7268723778618,0,0.6215683507042852,-0.8862059541082159,1,0.999564876525186,2.947851218611476,0,0,0,0,1.0,0,0,0,4,0,0,0,0,6.9714221559685585,8.089207049119189,0.0033444816053511705,Exponential Smoothing,nonlinear,1
0,200.7346776142218,91.81797021509303,0,61.88921438562266,364.12453104041344,0,0.5021123194987211,-0.9819189101378805,1,0.9964947405430914,1.617407184584521,0,0,0,0,1.0,0,0,0,4,0,0,0,0,6.264488708411446,7.830302147798692,0.04093567251461988,XGBoost,nonlinear,4
0,224.93356682374582,109.82048188449106,0,60.38256663648317,500.48506538092255,0,0.48929664764268216,-0.895161833733348,1,0.9964183001358123,1.7846697030574565,0,0,0,0,1.0,0,0,0,4,0,0,0,0,6.810070526026565,8.486354683252566,0.005154639175257732,SARIMA,nonlinear,2
0,351.94402739971343,227.45687336628632,0,67.88780985213756,888.0774948830815,0,0.6916777754242781,-0.6302685307667018,1,0.9993849707888346,2.721602978920492,0,0,0,0,1.0,0,0,0,4,0,0,0,0,6.755913996274767,7.98037342789166,0.01824817518248175,SARIMA,nonlinear,2
0,155.18972692761972,50.43753585892187,0,67.25622234924877,273.504857203141,0,0.044483978964964026,-0.7968358173634273,1,0.9863703528311949,0.9505688762648485,0,0,0,0,1.0,0,0,0,4,0,0,0,0,6.5050792601958065,8.016337886296041,0.03875968992248062,XGBoost,nonlinear,4
0,330.23617848840996,205.0027525478682,0,66.79265031465799,830.1139933530277,0,0.6356187556128876,-0.7730375670480529,1,0.9993197280269972,2.5544522596038797,0,0,0,0,1.0,0,0,0,4,0,0,0,0,6.93528782308763,8.276606147865655,0.0038022813688212928,SARIMA,nonlinear,2
0,338.4283630457209,213.31868648570688,0,69.30104866334779,856.1225363090367,0,0.6605050148405482,-0.7119685147321202,1,0.9993852894530346,2.6193195210627076,0,0,0,0,1.0,0,0,0,4,0,0,0,0,6.663825499160729,7.7908433057270665,0.026217228464419477,SARIMA,nonlinear,2
0,144.50528110564244,45.644110559650606,0,64.5364950675993,220.41834593309983,0,-0.0473526893582898,-1.1511609905778812,1,0.9839907655832755,0.8440250523246483,0,0,0,0,1.0,0,0,0,4,0,0,0,0,6.139891654538548,7.942846171032361,0.027777777777777776,XGBoost,nonlinear,4
0,304.1288943502456,179.88653035953598,0,62.387744960381966,685.9797187175706,0,0.5472444808213771,-1.0296688511152055,1,0.9988309754515411,2.374551114538144,0,0,0,0,1.0,0,0,0,4,0,0,0,0,6.58941279955536,8.012206646436544,0.004032258064516129,SARIMA,nonlinear,2
0,146.21397163019353,44.63893294822828,0,64.46605251842877,223.8136281583666,0,-0.14709335052535766,-1.1410982651284476,1,0.9758600794297223,0.7912544258869179,0,0,0,0,1.0,0,0,0,4,0,0,0,0,6.054795078738057,7.546928872342318,0.04310344827586207,Exponential Smoothing,nonlinear,1
0,145.2330882090659,44.19254963090907,0,65.75868621085402,218.35650968541273,0,-0.08031010560568816,-1.13766314775361,1,0.9769753450883663,0.8096759438350558,0,0,0,0,1.0,0,0,0,4,0,0,0,0,5.904324457069264,7.7376044550069345,0.04424778761061947,XGBoost,nonlinear,4
0,144.90241312434543,44.32324923576437,0,66.86213491012155,217.69754785456516,0,-0.1368454014346843,-1.0806384555900994,1,0.9813561313857122,0.7902321198666459,0,0,0,0,1.0,0,0,0,4,0,0,0,0,5.624651382278153,7.137686093790434,0.0625,XGBoost,nonlinear,4
0,158.2710116147123,53.70168361257126,0,62.00229144383554,296.72189063316193,0,0.20399350337189892,-0.44973511751155426,1,0.9859559178260054,1.01541446202998,0,0,0,0,1.0,0,0,0,4,0,0,0,0,7.215252800668938,8.792499028302245,0.05303030303030303,XGBoost,nonlinear,4
0,211.61484358390945,98.2527148304173,0,66.55450246705345,411.94461525380353,0,0.40050524212788563,-1.1857442022438094,1,0.9950384138118373,1.6633321164617403,0,0,0,0,1.0,0,0,0,4,0,0,0,0,6.570666735688833,8.021299161970445,0.04891304347826087,XGBoost,nonlinear,4
0,254.31989212229703,141.7665610722618,0,62.73697321429319,594.277377572877,0,0.7523421328350748,-0.38150748717353933,1,0.9981771531675986,2.1122308975156217,0,0,0,0,1.0,0,0,0,4,0,0,0,0,6.225225680165924,7.562967402382334,0.004694835680751174,SARIMA,nonlinear,2
0,206.9429939953504,94.81212797603769,0,64.71793748530908,373.3243219832095,0,0.4156280726427178,-1.1785270006154511,1,0.995695500284163,1.6266614559145698,0,0,0,0,1.0,0,0,0,4,0,0,0,0,6.849970933129615,8.355599487858996,0.05027932960893855,XGBoost,nonlinear,4
0,213.53193455832678,99.39578794799563,0,67.20791862543336,420.0305594770579,0,0.3936020333356162,-1.1614211615472514,1,0.9946827120587047,1.6697574295808133,0,0,0,0,1.0,0,0,0,4,0,0,0,0,6.944831739159544,8.267107493319983,0.02702702702702703,XGBoost,nonlinear,4
0,347.96323886986823,223.36186536111805,0,66.64607469562495,883.0653791866467,0,0.689131364025033,-0.6353550221678614,1,0.9993580731688053,2.690634086501848,0,0,0,0,1.0,0,0,0,4,0,0,0,0,6.672903036197049,7.863860463115626,0.025735294117647058,SARIMA,nonlinear,2
0,119.01240022695715,21.69111443185115,0,56.31768001368342,164.67618207578357,0,-0.31648064332087156,-0.09746428275497321,1,0.3123374405655698,0.19096952857506946,0,0,0,1,1.0,0,0,0,2,0,0,0,0,21.174131933765604,26.40191510853648,0.4627659574468085,SARIMA,volatile,2
0,117.70295292036408,21.818619110491024,0,36.54334421516146,180.63667962227726,0,-0.08462176519324309,0.6165512283110659,1,0.15521902660139797,0.14532770991455318,0,0,0,1,1.0,0,0,0,2,0,0,0,0,24.28638679120702,30.441656625681254,0.48823529411764705,ARIMA,volatile,0
0,130.5175818229059,26.074845860392266,0,58.2132110718181,200.7324288098933,0,0.11281078954340952,-0.03455527320912477,1,0.4488523320111356,0.18618806882936256,0,0,0,0,1.0,0,0,0,3,0,0,0,0,22.03656735375767,28.14498033841974,0.3333333333333333,ARIMA,volatile,0
0,127.67365332328446,25.322334312467948,0,47.468890824730366,211.2914085076979,0,0.05345142656695463,0.40316225663954164,1,0.4113969834170804,0.19341709531775536,0,0,0,1,1.0,0,0,0,2,0,0,0,0,22.612198072301197,28.511415852378107,0.34831460674157305,SARIMA,volatile,2
0,127.00502110910635,26.443154442996427,0,65.35403823729342,208.9700396289282,0,0.15814360666893332,-0.21096559393141812,1,0.4779209166157957,0.21075330417023866,0,0,0,0,1.0,0,0,0,3,0,0,0,0,23.027489886158484,28.620123980714418,0.3763440860215054,ARIMA,volatile,0
0,123.59512694057945,25.749756850170005,0,41.97167870880939,184.02297427757716,0,-0.22970343528046464,-0.4300479624363498,1,0.3852631397186195,0.19999551448292588,0,0,0,0,1.0,0,0,0,3,0,0,0,0,24.827779887145965,31.51964756472579,0.4015748031496063,Exponential Smoothing,volatile,1
0,109.42110097599641,21.155619095030186,0,66.44787173018273,169.74171527207807,0,0.4166061201136338,-0.18141223962974795,1,0.11964154435526175,0.1687913721436408,0,0,0,1,1.0,0,0,0,2,0,0,0,0,19.99890690862528,26.097394319639427,0.46534653465346537,ARIMA,volatile,0
0,126.59491088588132,26.321777337771046,0,60.57438030708203,199.20929368396756,0,0.022320643288359164,-0.09888089457907956,1,0.44225436263820805,0.20060132091032362,0,0,0,0,1.0,0,0,0,3,0,0,0,0,22.422541020600455,28.208372251842423,0.3492647058823529,Exponential Smoothing,volatile,1
0,109.06699424450181,22.997898547628708,0,60.408854456762775,158.7120814600862,0,0.08720957012176637,-0.6480366470605601,1,0.21394103225036842,0.2939895811347151,0,0,0,1,1.0,0,0,0,2,0,0,0,0,24.137663969723466,30.16749636421077,0.46153846153846156,Exponential Smoothing,volatile,1
0,118.53858318347983,22.4630882433512,0,60.01614156866932,183.6942794668579,0,0.006419932329260198,-0.08940355362997288,1,0.1858389759267145,0.18891695225048916,0,0,0,0,1.0,0,0,0,3,0,0,0,0,23.788413838038412,30.41230343082418,0.3765432098765432,ARIMA,volatile,0
0,129.43469583876276,26.362709595851378,0,49.31467780506428,194.71579360602487,0,-0.15850308674304683,0.1250621592902621,1,0.49081220022979444,0.21204643440924384,0,0,0,0,1.0,0,0,0,3,0,0,0,0,21.875358447106272,27.795364694287578,0.3204225352112676,Exponential Smoothing,volatile,1
0,123.67765096606897,24.640967659239273,0,60.479201524564644,192.70560397891265,0,0.036451749151432934,-0.06665700660237928,1,0.3599086038929773,0.19178873871772606,0,0,0,0,1.0,0,0,0,3,0,0,0,0,23.88694853955054,29.45123348154092,0.39183673469387753,Exponential Smoothing,volatile,1
0,123.61052628711623,24.71692520811103,0,52.896402454961354,194.9275533275401,0,-0.11807014707050954,-0.06310816463110891,1,0.28821408029058637,0.1832240005489285,0,0,0,0,1.0,0,0,0,3,0,0,0,0,24.642298234703876,30.406143750803327,0.3699186991869919,ARIMA,volatile,0
0,111.14120061155184,20.402330702529817,0,63.671587733178725,160.5091899925642,0,0.03128020251198452,-0.6161535223534313,1,0.1874910078681299,0.20562278225201236,0,0,0,1,1.0,0,0,0,2,0,0,0,0,22.212552981617936,27.64269064746503,0.48623853211009177,XGBoost,volatile,4
0,120.97056848238857,24.390843173416332,0,47.77366847190634,190.0266725055422,0,0.00987847854846179,-0.18723470486354632,1,0.2960675157121929,0.20524568220018646,0,0,0,0,1.0,0,0,0,3,0,0,0,0,24.962561443246738,30.744047847718946,0.4418604651162791,ARIMA,volatile,0
0,120.07806366703088,22.82474503004923,0,60.31163056924866,190.3535869672055,0,-0.06302470195016789,-0.0688106154172039,1,0.29779811475147067,0.19438890363527697,0,0,0,0,1.0,0,0,0,3,0,0,0,0,20.744866201508785,26.87365079958517,0.373134328358209,ARIMA,volatile,0
0,113.71630166471543,24.411733794343085,0,56.41955993975661,181.7236122798489,0,0.30175413654945626,0.1879269351999424,1,0.22095486478046344,0.24953724026836452,0,0,0,1,1.0,0,0,0,2,0,0,0,0,26.380211582950853,33.1543610363308,0.45390070921985815,ARIMA,volatile,0
0,127.71821633800865,21.987786942372445,0,56.11435245953889,188.7915110831584,0,-0.11083320333347775,-0.35676721433089353,1,0.40914119696439355,0.17269437140607985,0,0,0,0,1.0,0,0,0,3,0,0,0,0,19.36169121646019,23.916906506860474,0.3660377358490566,Exponential Smoothing,volatile,1
0,119.51947065161166,20.752029178757077,0,72.45414509775468,165.7365627880712,0,-0.10028792440248527,-0.5588374949112462,1,0.2752069667119533,0.17135856115596526,0,0,0,0,1.0,0,0,0,3,0,0,0,0,21.787081885081335,27.726794251330933,0.4457831325301205,SARIMA,volatile,2
0,132.44122433215523,25.1827004416997,0,58.707016021765426,185.1305433881128,0,-0.312373005769641,-0.3176252689922401,1,0.4075024123737846,0.1823339887800307,0,0,0,0,1.0,0,0,0,3,0,0,0,0,21.954740717889404,27.810947547288436,0.3435374149659864,ARIMA,volatile,0
0,118.19136215235032,20.26376553553275,0,62.05751660281999,160.43463394606812,0,-0.2668986249167902,-0.3800985298984636,1,0.21982420633248,0.16591150693174017,0,0,0,1,1.0,0,0,0,2,0,0,0,0,21.2202699134303,26.086636350162678,0.47023809523809523,SARIMA,volatile,2
0,115.46837589500655,21.790472212527106,0,47.30275387002133,161.74391132682683,0,-0.3191866075548474,-0.0686469856917391,1,0.21419232036259994,0.13752844348956583,0,0,0,1,1.0,0,0,0,2,0,0,0,0,22.54675226937899,28.139795504480222,0.4161073825503356,STL + ETS (Hybrid),volatile,3
0,111.67974636403324,21.639721582365897,0,44.22330546414667,156.98380159626208,0,-0.3496132646531278,-0.06757051054935603,1,0.14073823573769584,0.15428258252052776,0,0,0,1,1.0,0,0,0,2,0,0,0,0,24.388143802719984,29.95843598742859,0.5431034482758621,XGBoost,volatile,4
0,121.58246409936491,22.45051362328171,0,48.77983652469001,186.91763705337985,0,0.03230995338426048,0.2927412089991077,1,0.28839894895064244,0.18098724040869743,0,0,0,0,1.0,0,0,0,3,0,0,0,0,23.48546941231456,29.626508474026043,0.4752475247524752,Exponential Smoothing,volatile,1
0,111.4490276025615,24.822905847365664,0,35.38064778773902,170.71763697668558,0,-0.12184001656170455,0.10994617382869798,1,0.29447844554809455,0.27123004646669874,0,0,0,1,1.0,0,0,0,2,0,0,0,0,25.93616807460281,31.044139357927953,0.4861111111111111,SARIMA,volatile,2
0,121.06393968009505,24.080886474499263,0,56.45417546996818,184.1009387940765,0,-0.10663637501809733,-0.2710295902780371,1,0.3182045734134844,0.2049096122789444,0,0,0,0,1.0,0,0,0,3,0,0,0,0,23.325618139637083,29.368589573436164,0.41706161137440756,SARIMA,volatile,2
0,119.41102484239929,23.944689070504335,0,48.12999105688732,175.78942673179998,0,-0.021701257671585265,-0.3959018016665712,1,0.23289131354660575,0.2043764469394619,0,0,0,0,1.0,0,0,0,3,0,0,0,0,24.63130623364348,31.623262963512122,0.40540540540540543,ARIMA,volatile,0
0,108.59674112202238,24.19662667917431,0,50.81683068335727,168.09851252859747,0,0.05230686499243929,-0.17833731002653774,1,0.2856593175047377,0.34230477242005314,0,0,0,0,1.0,0,0,0,3,0,0,0,0,22.350875183831107,27.762803224660452,0.43119266055045874,Exponential Smoothing,volatile,1
0,126.65776466768092,27.67216195127359,0,46.57893046398043,193.12740335149005,0,-0.07979376820961073,-0.4593529062878394,1,0.4482702547674897,0.2407624853298705,0,0,0,0,1.0,0,0,0,3,0,0,0,0,24.558948582959506,30.780775827270194,0.3576923076923077,ARIMA,volatile,0
0,123.19452465722816,23.72056736582358,0,62.39067537820353,209.80853774307167,0,0.16203334740911343,0.1610131853144301,1,0.31677181645467967,0.18105473566553074,0,0,0,1,1.0,0,0,0,2,0,0,0,0,22.113235420449364,27.161943518521742,0.41841004184100417,SARIMA,volatile,2
0,117.47847700906676,15.341205831971402,0,89.31980352474825,149.75401518972848,0,0.04658488187835429,-0.7544923045223864,1,0.6378479288359764,0.2456233704399214,1,7,0,0,1.0,0,0,0,6,0,0,0,0,7.333534365573213,8.962816449703823,0.15254237288135594,Exponential Smoothing,complex,1
0,139.14906048229028,26.019562774954075,0,80.86943548240868,195.04272814623022,0,0.015753878028625143,-0.7954146585743791,1,0.8883000244608015,0.2980168238925963,1,7,0,0,1.0,0,0,0,6,0,0,0,0,7.720683814750619,9.6330510409596,0.10384615384615385,SARIMA,complex,2
0,135.966450620753,23.898712800807527,0,81.32538445187573,193.08961613380507,0,-0.006587090154444526,-0.7182750965279845,1,0.8656963053506636,0.28714454241339393,1,7,0,0,1.0,0,0,0,6,0,0,0,0,8.070539987263613,9.811205030976888,0.12863070539419086,SARIMA,complex,2
0,128.73144738659724,20.848557708284485,0,86.94994613195841,180.02036296580718,0,0.19657449698654267,-0.6519248561089648,1,0.8242094845358623,0.2958565946650248,1,7,0,0,1.0,0,0,0,6,0,0,0,0,7.519524090277861,9.420931040793766,0.15263157894736842,Exponential Smoothing,complex,1
0,133.99304158226147,23.352924597262863,0,88.16950805770679,188.8385401314782,0,0.05529632743962511,-0.7310598699648145,1,0.8698931466705869,0.29462203546136284,1,7,0,0,1.0,0,0,0,6,0,0,0,0,7.309615624167818,9.335622091212496,0.1111111111111111,SARIMA,complex,2
0,142.57476178312496,27.866376524925546,0,81.68320456063766,207.32698926977645,0,0.04501067784077514,-0.7133191828373158,1,0.9042665375458757,0.2949713073268486,1,7,0,0,1.0,0,0,0,6,0,0,0,0,7.993522455720275,9.94518088203674,0.07368421052631578,SARIMA,complex,2
0,144.73691111189748,28.320581353959877,0,83.01645311165382,205.8663553843637,0,-0.004525225676623865,-0.8435026411178623,1,0.9163877308193831,0.29281634853266214,1,7,0,0,1.0,0,0,0,6,0,0,0,0,7.893404772162509,9.521390752046377,0.09121621621621621,XGBoost,complex,4
0,140.74928426859077,26.834938232095755,0,78.47756090523221,202.39901649878254,0,0.03724853017521024,-0.7444171336732781,1,0.8985536051315741,0.2933916031156052,1,7,0,0,1.0,0,0,0,6,0,0,0,0,7.830829067792894,9.587523835104571,0.08424908424908426,SARIMA,complex,2
0,122.42003647300807,18.472567031456865,0,79.49678914764712,167.8928600407442,0,0.04566080257660317,-0.5751169808626924,1,0.7409197093863408,0.2829000531237438,1,7,0,0,1.0,0,0,0,6,0,0,0,0,7.845550999024269,9.724555825666501,0.16778523489932887,SARIMA,complex,2
0,142.51504728376415,27.892793866254284,0,84.42980678778484,210.43541268941507,0,0.03598131587665001,-0.7684828044076881,1,0.9143248186635073,0.2986201182708372,1,7,0,0,1.0,0,0,0,6,0,0,0,0,7.551752577267755,9.310355928480432,0.07394366197183098,SARIMA,complex,2
0,138.03349674076404,25.12308342442793,0,78.84793973310568,197.14700176962688,0,0.07233065159186014,-0.6916642087986005,1,0.9033958153083018,0.2928571334792558,1,7,0,0,1.0,0,0,0,6,0,0,0,0,7.185299506171686,9.089210053953295,0.09055118110236221,SARIMA,complex,2
0,139.5276874484107,25.7214957434782,0,89.67960590182264,197.86799478218853,0,0.04829632389871981,-0.7800798016550314,1,0.8956723626230637,0.28742244306373876,1,7,0,0,1.0,0,0,0,6,0,0,0,0,7.56222582245449,9.372217936473648,0.1018867924528302,SARIMA,complex,2
0,132.75733476537215,23.05056862518568,0,82.44296050630246,188.90288652223504,0,0.060540306451223914,-0.6529514692427005,1,0.8733705209918039,0.3001462716345453,1,7,0,0,1.0,0,0,0,6,0,0,0,0,7.404356936509183,8.920843292927817,0.1232876712328767,Exponential Smoothing,complex,1
0,117.81874243790797,15.83124775044933,0,84.810539816751,159.32656003365844,0,0.10922904725514176,-0.41763334049632217,1,0.6598790924361437,0.2770361477516055,1,7,0,0,1.0,0,0,0,6,0,0,0,0,7.206595427334729,9.161221105239742,0.17094017094017094,Exponential Smoothing,complex,1
0,121.31724213108743,17.595427090674207,0,77.72545690092792,161.22692840030572,0,0.01034370650715073,-0.3584124263429138,1,0.7630193059068605,0.27331166063939377,0,0,0,0,1.0,0,0,0,4,0,0,0,0,7.2948548784573894,9.108438882479756,0.15753424657534246,SARIMA,complex,2
0,122.45344270190164,17.40465386616215,0,87.97879324744083,159.88324918434563,0,0.08878366562902074,-0.6434632026945315,1,0.7461445769510009,0.27906318335280356,1,7,0,0,1.0,0,0,0,6,0,0,0,0,7.295114634570467,9.081359914304237,0.19205298013245034,SARIMA,complex,2
0,132.1934985949899,21.993694865515437,0,87.15897058067468,185.0759277428118,0,0.08402989757570777,-0.5946360766860441,1,0.8430485316773102,0.2911103890568589,1,7,0,0,1.0,0,0,0,6,0,0,0,0,7.148530570145742,9.165375199548652,0.10849056603773585,Exponential Smoothing,complex,1
0,133.0439501887547,23.689591305432515,0,78.36640261461882,190.1654391579826,0,-0.007169888050521164,-0.5686585515173648,1,0.8702398962233979,0.301076442385744,1,7,0,0,1.0,0,0,0,6,0,0,0,0,7.746303970971036,9.422232428680145,0.11210762331838565,SARIMA,complex,2
0,143.74917415987358,28.1564563235034,0,86.87150213390419,205.4662976766351,0,0.03031674064983872,-0.8959630982787128,1,0.9166393080204664,0.2965619250376348,1,7,0,0,1.0,0,0,0,6,0,0,0,0,7.692263153855752,9.338703236306502,0.07191780821917808,SARIMA,complex,2
0,122.88848526652392,18.138647147553478,0,87.10440236121559,164.27029394891383,0,0.03345816226748278,-0.4954423868040796,1,0.719067159597622,0.27666600932338997,1,7,0,0,1.0,0,0,0,6,0,0,0,0,7.544567771814215,9.26536670289673,0.17880794701986755,SARIMA,complex,2
0,121.71754217401799,17.652510287361345,0,83.49592144581317,162.3179013602399,0,0.12319099295661633,-0.4933983887470359,1,0.7452960611402564,0.2889473202342438,0,0,0,0,1.0,0,0,0,4,0,0,0,0,7.746659808874043,9.664759602085415,0.20567375886524822,SARIMA,complex,2
0,125.62528085429187,19.893828749353105,0,83.69736206245284,176.90666939048685,0,0.14680638375636235,-0.5838874958944262,1,0.7753852101437024,0.29105422172416434,1,7,0,0,1.0,0,0,0,6,0,0,0,0,8.052025011036227,10.001966558303742,0.1569767441860465,SARIMA,complex,2
0,138.09108293256145,25.47930841068211,0,82.99336476230711,196.50934960541494,0,0.09758498195753014,-0.6793000812658501,1,0.9007734533467603,0.29708890270805904,1,7,0,0,1.0,0,0,0,6,0,0,0,0,7.430372391957354,9.024683352719338,0.10588235294117647,SARIMA,complex,2
0,121.4976285151662,17.592907027054267,0,85.72672204641178,163.27870534389845,0,0.11094028856842021,-0.5933600772542529,1,0.7654176810483553,0.2959856017130011,1,7,0,0,1.0,0,0,0,6,0,0,0,0,7.117670219082058,9.0176547985973,0.15217391304347827,SARIMA,complex,2
0,126.31085251480125,19.722628552342275,0,84.4764333142694,173.94280709486608,0,0.16642240028149208,-0.5250963331443304,1,0.8146076069279953,0.29162378103339714,1,7,0,0,1.0,0,0,0,6,0,0,0,0,7.285488171139711,9.21462803800204,0.11046511627906977,SARIMA,complex,2
0,125.34217440795052,18.950058426334863,0,86.62222839336403,174.70149470181832,0,0.10116141383457113,-0.4835090312090693,1,0.8150421735081927,0.2923972574135086,1,7,0,0,1.0,0,0,0,6,0,0,0,0,7.123408945666537,8.719940449281305,0.12650602409638553,SARIMA,complex,2
0,142.18014498660233,28.11037828483847,0,83.8557777301159,216.0473322233903,0,0.03426642972047236,-0.7364092584139414,1,0.9048744960663132,0.3004308196622069,1,7,0,0,1.0,0,0,0,6,0,0,0,0,7.696842482889388,9.502463221948611,0.0880281690140845,SARIMA,complex,2
0,130.57584313020854,21.257504159083297,0,80.15640257960717,185.02913995468745,0,0.12656060421280232,-0.5460512046012393,1,0.8433395244491788,0.2847871575574879,1,7,0,0,1.0,0,0,0,6,0,0,0,0,7.569970737864967,9.277251138523598,0.1330049261083744,SARIMA,complex,2
0,130.23738800806146,21.991179589730816,0,79.24669217561654,181.07570774223592,0,0.055759980029853655,-0.6700724430636109,1,0.8560412401334911,0.30510350433048655,1,7,0,0,1.0,0,0,0,6,0,0,0,0,7.198744351734689,9.21181920498617,0.11557788944723618,STL + ETS (Hybrid),complex,3
0,128.65848879348,20.592311696474795,0,83.30576058262126,179.5173607178313,0,0.07848662421485285,-0.7051175539643375,1,0.8177950547281658,0.2928340839589184,1,7,0,0,1.0,0,0,0,6,0,0,0,0,7.550438389891903,9.20496478562553,0.13157894736842105,SARIMA,complex,2
0,113.23396847781808,10.814444965296115,0,94.2864151916544,137.57649046016024,0,0.570205270074579,-0.36233378216978007,1,0.9712600674155145,0.06870942969612497,0,0,0,0,1.0,0,0,0,4,0,0,0,0,1.496098685894154,1.8838404449679866,0.06115107913669065,SARIMA,random_walk,2
0,111.92871477814079,9.224362030106434,0,94.7316216940065,132.19421409848445,0,0.06699123880563693,-1.0534060000921652,1,0.9371814771523549,0.061146287529889036,0,0,0,0,1.0,0,0,0,4,0,0,0,0,1.70570801187197,2.11091454720631,0.017094017094017096,XGBoost,random_walk,4
0,78.24733240397313,9.280791020949142,0,53.09563591980806,100.54468196836655,0,-0.454286285431364,-0.08215549935488697,1,0.9537622340038147,0.027292607512454315,0,0,0,0,1.0,0,0,0,4,0,0,0,0,1.6331256753329044,2.035635502204495,0.1111111111111111,XGBoost,random_walk,4
0,84.86301395391445,11.526636700812633,0,55.83340974108578,105.39409707754783,0,-0.3174350808215492,-0.7783327162833564,1,0.9624322411888071,-0.11791663236178246,0,0,0,0,1.0,0,0,0,4,0,0,0,0,1.6642941934302686,2.032011862084902,0.06276150627615062,XGBoost,random_walk,4
0,87.17308628424473,9.008647953258853,0,67.5316997580674,104.0927904729168,0,-0.18767657213048453,-0.6431340123152265,1,0.9413988966058965,-0.23405765546069954,0,0,0,0,1.0,0,0,0,4,0,0,0,0,1.5785826428870589,1.9970574056093655,0.14285714285714285,ARIMA,random_walk,0
0,71.92136203248374,15.861106534991503,0,43.38674691044512,102.38558713833183,0,0.09183689962936206,-0.9598335370833877,1,0.981616048193061,-0.15905200986141138,0,0,0,0,1.0,0,0,0,4,0,0,0,0,1.6945137883054746,2.1035322912404655,0.06713780918727916,XGBoost,random_walk,4
0,111.19472597758983,8.574895923226535,0,93.06024389402887,131.5337739770165,0,0.027832045521749536,-0.665960269283723,1,0.9333959809065144,0.13901050733943437,0,0,0,0,1.0,0,0,0,4,0,0,0,0,1.6499562323349632,2.056709375989432,0.07142857142857142,XGBoost,random_walk,4
0,102.61173320999444,7.313564007403506,0,86.52685347102182,115.78627649863762,0,-0.40808823758190443,-0.903767298359964,1,0.9179068472863557,-0.09757747201018596,0,0,0,0,1.0,0,0,0,4,0,0,0,0,1.5594633755221843,1.907009141822304,0.038461538461538464,XGBoost,random_walk,4
0,66.3411354637121,23.319625854055793,0,33.52129684816701,100.64907778277176,0,-0.03145714919239617,-1.597304114929375,1,0.9909254549926205,-0.4044932100351272,0,0,0,0,1.0,0,0,0,4,0,0,0,0,1.5466174628283462,1.9343222137994158,0.02617801047120419,XGBoost,random_walk,4
0,118.6755841498066,8.153672977246458,0,101.04053632782967,140.02190895776582,0,0.40773801196101866,-0.2069104949756606,1,0.9422267085405284,0.07672958159495442,0,0,0,0,1.0,0,0,0,4,0,0,0,0,1.7027849729493918,2.1094910846723813,0.07339449541284404,XGBoost,random_walk,4
0,82.08003860801908,6.136599950197307,0,63.46367409440511,99.42282055237054,0,-0.7421338886008897,1.4063829227453573,0,0.8916098297078932,0.011613893666575196,0,0,0,0,1.0,0,0,0,3,0,0,0,0,1.6727390435441185,2.071787565116023,0.174496644295302,XGBoost,random_walk,4
0,94.1468757932009,7.797337390855357,0,80.8827029760407,117.55579155457329,0,0.5441211000957977,0.012511643457489008,1,0.9515532987845445,0.039456753776973705,0,0,0,0,1.0,0,0,0,4,0,0,0,0,1.473694896450708,1.8326740991552106,0.10526315789473684,XGBoost,random_walk,4
0,88.80753013379905,9.35635650162494,0,68.16504157662229,108.63911478166865,0,-0.10938563974730005,-0.5559688808013306,0,0.9416684965817357,0.00436413081155137,0,0,0,0,1.0,0,0,0,2,0,0,0,0,1.6065537547788957,1.9873324599917948,0.0594059405940594,XGBoost,random_walk,4
0,116.19757938209538,7.407315536444177,0,100.7611012042377,134.75527626076342,0,0.1937177344874192,-0.19528913130423264,1,0.9307073105761893,0.05534178288905206,0,0,0,0,1.0,0,0,0,4,0,0,0,0,1.6055786675181638,2.031300242424919,0.09523809523809523,XGBoost,random_walk,4
0,153.86820298684813,30.682324462075684,0,102.41017530937583,202.7903180141805,0,-0.08919052626574098,-1.1958508087937028,1,0.9957371882026085,0.43754063154361766,0,0,0,0,1.0,0,0,0,4,0,0,0,0,1.6603175792703622,1.9938863072704573,0.012552301255230125,XGBoost,random_walk,4
0,140.76274731915728,26.544650228136792,0,92.90325353495484,179.133691118728,0,-0.4276259183925986,-1.2626506573622804,1,0.9940706880672756,0.27482800885464836,0,0,0,0,1.0,0,0,0,4,0,0,0,0,1.522548030016106,1.8669894558728413,0.010309278350515464,XGBoost,random_walk,4
0,71.365469038997,17.772934979533034,0,42.681547969581864,102.06175478855755,0,0.25782350086926265,-1.4062421705868418,1,0.9865951438130494,-0.24001024076878594,0,0,0,0,1.0,0,0,0,4,0,0,0,0,1.632357816711728,2.0293748848250632,0.004739336492890996,ARIMA,random_walk,0
0,116.07268516103572,13.642584375018162,0,86.93455204028453,148.52419214813105,0,-0.02354122646184442,-0.17689270410035407,1,0.9714761348671757,0.12683624679821662,0,0,0,0,1.0,0,0,0,4,0,0,0,0,1.6572261007535674,2.104571289379873,0.07420494699646643,XGBoost,random_walk,4
0,100.19703086564112,10.328241959871704,0,77.33227911002923,120.30882809210331,0,-0.16774445652309897,-0.8566923111437106,1,0.9525474462993957,0.06274947634155148,0,0,0,0,1.0,0,0,0,4,0,0,0,0,1.5981593475291571,1.987890321326734,0.05185185185185185,XGBoost,random_walk,4
0,83.73707614439837,9.119481016366967,0,61.56850205813749,102.16165264207379,0,-0.17673200368583242,-0.28026618595686204,1,0.9600188325311351,-0.21860488135273992,0,0,0,0,1.0,0,0,0,4,0,0,0,0,1.6280583034858473,2.0886596751996085,0.04424778761061947,SARIMA,random_walk,2
0,95.17877636134824,5.751296807289776,0,82.62284580193405,109.05387744332809,0,0.03253173083884072,-0.8292073965045086,1,0.8403249843034337,-0.05828983522761164,0,0,0,0,1.0,0,0,0,4,0,0,0,0,1.5480928360666162,1.964831765697975,0.0650887573964497,XGBoost,random_walk,4
0,71.3754309649954,13.25177132108383,0,49.58867858876304,102.4739034718556,0,0.4999960224701034,-0.8387981835531013,1,0.9758077422957362,-0.17118342949952906,0,0,0,0,1.0,0,0,0,4,0,0,0,0,1.7061067021362684,2.110186879807466,0.016216216216216217,XGBoost,random_walk,4
0,96.21764247135049,7.595013023384891,0,85.60382988012994,118.16184504821425,0,1.110537882777999,0.5108258508682963,1,0.9513792371024345,0.12765815013130577,0,0,0,0,1.0,0,0,0,5,0,0,0,0,1.402133217792115,1.7136553173437958,0.07092198581560284,XGBoost,random_walk,4
0,111.71680780572355,11.317159496484683,0,95.51537054137451,137.6439869490285,0,1.0311645000129115,-0.3443886697480818,1,0.9754000488459987,-0.04378060238071437,0,0,0,0,1.0,0,0,0,5,0,0,0,0,1.657863277064535,2.0293283863532627,0.028268551236749116,XGBoost,random_walk,4
0,82.84425338156743,8.036339399222475,0,67.77599736313567,101.75585725361935,0,0.35504146955398563,-0.7449503916389437,1,0.9470513364164053,-0.08122566412330454,0,0,0,0,1.0,0,0,0,4,0,0,0,0,1.5733050054344675,1.9027978014706357,0.04932735426008968,XGBoost,random_walk,4
0,109.73216393815183,10.249986058617514,0,91.68572967256534,132.13360637549306,0,0.5212173605343838,-0.763243056488196,1,0.9599111038196022,0.14731915464927783,0,0,0,0,1.0,0,0,0,4,0,0,0,0,1.5674327066669471,1.9398896037270805,0.0718232044198895,SARIMA,random_walk,2
0,92.22049549372116,7.53275709215154,0,65.93313418287106,106.5273429662554,0,-0.899250815912151,0.924166975741683,1,0.9184728272877676,-0.02656541723122744,0,0,0,0,1.0,0,0,0,4,0,0,0,0,1.6777976450302758,2.082846992109739,0.06896551724137931,XGBoost,random_walk,4
0,107.240955729996,11.872195978109016,0,84.07248710731112,127.72773666601854,0,-0.38942082308155895,-0.8696809048981491,1,0.9704531190405536,0.11557925282952014,0,0,0,0,1.0,0,0,0,4,0,0,0,0,1.5461053283161879,2.0147449656038017,0.09497206703910614,XGBoost,random_walk,4
0,123.89040546552843,8.9029530316678,0,100.27199451163723,141.96354839733604,0,-0.01055441547991533,-0.4115391314848553,1,0.9527523373440344,0.022372675546320612,0,0,0,0,1.0,0,0,0,4,0,0,0,0,1.6364564506845423,2.050215042122126,0.043478260869565216,XGBoost,random_walk,4
0,90.7388047220477,6.28584733902454,0,76.67295023242664,104.44667409015669,0,0.08238737022636354,-0.5189202881127044,1,0.8300361263860674,-0.076951937511071,0,0,0,0,1.0,0,0,0,4,0,0,0,0,1.760726898448568,2.097682029412712,0.1487603305785124,XGBoost,random_walk,4
